_CustomObjectKey,ID,ENCARTEIRAMENTO
21131,a0i6g000005ea6nAAA,EXCLUSIVO REMOTO
21132,a0i6g000005ea92AAA,ESTILO
21133,a0i6g000005ebFtAAI,EXCLUSIVO REMOTO
21134,a0i6g000005ebfZAAQ,GRUPO CTA MOV LIM
21135,a0i6g000005ed8kAAA,NAO CADASTRADA
21136,a0i6g000005efecAAA,EXCLUSIVO REMOTO
21137,a0i6g000005efjdAAA,VAREJO II
21138,a0i6g000005ehBPAAY,NAO CADASTRADA
21139,a0i6g000005einQAAQ,GRUPO CTA MOV LIM
21140,a0i6g000005ejXiAAI,GRUPO POUP N CORRENT
21141,a0i6g000005elqbAAA,POTENCIAL PF
21142,a0i6g000005emq5AAA,NAO CADASTRADA
21143,a0i6g000005emtQAAQ,NAO CADASTRADA
21144,a0i6g000005enkZAAQ,VAREJO I
21145,a0i6g000005enrcAAA,NAO CADASTRADA
21146,a0i6g000005enSiAAI,GRUPO REST CADASTRAL
21147,a0i6g000005enweAAA,RURAL ESTILO
21148,a0i6g000005eo6yAAA,NAO CADASTRADA
21149,a0i6g000005eobIAAQ,ESTILO
21150,a0i6g000005eodmAAA,EXCLUSIVO REMOTO
21151,a0i6g000005eoJ5AAI,NAO CADASTRADA
21152,a0i6g000005eoqjAAA,VAREJO I
21153,a0i6g000005esxGAAQ,PERSONALIZADO
21154,a0i6g000005f25nAAA,NAO CADASTRADA
21155,a0i6g000005f2x6AAA,POTENCIAL PF
21156,a0i6g000005f6dOAAQ,NAO CADASTRADA
21157,a0i6g000005f8UBAAY,VAREJO I
21158,a0i6g000005fAOgAAM,VAREJO I
21159,a0i6g000005fbdaAAA,VAREJO I
21160,a0i6g000005fBNpAAM,VAREJO I
21161,a0i6g000005fDh2AAE,UNIVERSITARIOS
21162,a0i6g000005fG56AAE,NAO CADASTRADA
21163,a0i6g000005fi5uAAA,NAO CADASTRADA
21164,a0i6g000005fim4AAA,VAREJO I
21165,a0i6g000005fKqXAAU,GRUPO REST CADASTRAL
21166,a0i6g000005fMlzAAE,VAREJO I
21167,a0i6g000005fNd8AAE,VAREJO I
21168,a0i6g000005fnFzAAI,NAO CADASTRADA
21169,a0i6g000005fnlVAAQ,VAREJO II
21170,a0i6g000005fp4QAAQ,VAREJO II
21171,a0i6g000005fPKLAA2,VAREJO II
21172,a0i6g000005fRgoAAE,VAREJO I
21173,a0i6g000005fUrhAAE,PERSONALIZADO
21174,a0i6g000005fvbxAAA,NAO CADASTRADA
21175,a0i6g000005fxCHAAY,NAO CADASTRADA
21176,a0i6g000005fXrxAAE,VAREJO I
21177,a0i6g000005g0dyAAA,VAREJO II
21178,a0i6g000005g1RNAAY,NAO CADASTRADA
21179,a0i6g000005g4FmAAI,EXCLUSIVO REMOTO
21180,a0i6g000005g6OjAAI,POTENCIAL PF
21181,a0i6g000005gHVlAAM,NAO CADASTRADA
21182,a0i6g000005gI56AAE,NAO CADASTRADA
21183,a0i6g000005gJiqAAE,POTENCIAL PF
21184,a0i6g000005gKAeAAM,NAO CADASTRADA
21185,a0i6g000005gKxtAAE,NAO CADASTRADA
21186,a0i6g000005lpOZAAY,UNIVERSITARIOS
21187,a0i6g000005ltqhAAA,NAO CADASTRADA
21188,a0i6g000005lxHAAAY,NAO CADASTRADA
21189,a0i6g000005m4dRAAQ,VAREJO I
21190,a0i6g000005m6LjAAI,VAREJO I
21191,a0i6g000005m7nzAAA,NAO CADASTRADA
21192,a0i6g000005m8E3AAI,EXCLUSIVO REMOTO
21193,a0i6g000005m8SmAAI,NAO CADASTRADA
21194,a0i6g000005m8wVAAQ,POTENCIAL PF
21195,a0i6g000005m9HVAAY,ESTILO
21196,a0i6g000005mc8pAAA,VAREJO I
21197,a0i6g000005mcnFAAQ,POTENCIAL PF
21198,a0i6g000005mdnDAAQ,GRUPO CTA MOV LIM
21199,a0i6g000005mfH6AAI,NAO CADASTRADA
21200,a0i6g000005mguYAAQ,POTENCIAL PF
21201,a0i6g000005mhhPAAQ,VAREJO I
21202,a0i6g000005mI26AAE,VAREJO I
21203,a0i6g000005mI3eAAE,EXCLUSIVO REMOTO
21204,a0i6g000005mIEFAA2,PERSONALIZADO
21205,a0i6g000005mj4WAAQ,NAO CADASTRADA
21206,a0i6g000005mJUUAA2,NAO CADASTRADA
21207,a0i6g000005mLwFAAU,NAO CADASTRADA
21208,a0i6g000005mnFkAAI,POTENCIAL PF
21209,a0i6g000005mNOWAA2,POTENCIAL PF
21210,a0i6g000005mQ57AAE,VAREJO II
21211,a0i6g000005ms7wAAA,PERSONALIZADO
21212,a0i6g000005mSzFAAU,VAREJO I
21213,a0i6g000005mtZRAAY,NAO CADASTRADA
21214,a0i6g000005mufbAAA,NAO CADASTRADA
21215,a0i6g000005muPgAAI,ESTILO
21216,a0i6g000005muzKAAQ,NAO CADASTRADA
21217,a0i6g000005mvbDAAQ,EXCLUSIVO REMOTO
21218,a0i6g000005mvbVAAQ,NAO CADASTRADA
21219,a0i6g000005mvgDAAQ,PERSONALIZADO
21220,a0i6g000005mvM2AAI,VAREJO I
21221,a0i6g000005mWArAAM,NAO CADASTRADA
21222,a0i6g000005mwGaAAI,PERSONALIZADO
21223,a0i6g000005mwSLAAY,NAO CADASTRADA
21224,a0i6g000005mx80AAA,ESTILO
21225,a0i6g000005mxKgAAI,PREFERENCIAL
21226,a0i6g000005my6ZAAQ,VAREJO II
21227,a0i6g000005myFJAAY,NAO CADASTRADA
21228,a0i6g000005mygVAAQ,NAO CADASTRADA
21229,a0i6g000005myOtAAI,GRUPO OUTROS TIT
21230,a0i6g000005ebDTAAY,NAO CADASTRADA
21231,a0i6g000005ebm6AAA,ESTILO
21232,a0i6g000005ecxDAAQ,ESTILO
21233,a0i6g000005ed7wAAA,GRUPO REST CADASTRAL
21234,a0i6g000005edH7AAI,NAO CADASTRADA
21235,a0i6g000005eeCOAAY,VAREJO I
21236,a0i6g000005egJnAAI,POTENCIAL PF
21237,a0i6g000005egksAAA,UNIVERSITARIOS
21238,a0i6g000005ehEkAAI,NAO CADASTRADA
21239,a0i6g000005ehftAAA,POTENCIAL PF
21240,a0i6g000005ei8HAAQ,NAO CADASTRADA
21241,a0i6g000005eilTAAQ,POTENCIAL PF
21242,a0i6g000005eiw9AAA,VAREJO II
21243,a0i6g000005ejJvAAI,PERSONALIZADO
21244,a0i6g000005ejWGAAY,GRUPO POUP N CORRENT
21245,a0i6g000005ekk3AAA,PERSONALIZADO
21246,a0i6g000005eksFAAQ,ESTILO
21247,a0i6g000005elgbAAA,GRUPO CTA MOV LIM
21248,a0i6g000005elncAAA,NAO CADASTRADA
21249,a0i6g000005elrGAAQ,NAO CADASTRADA
21250,a0i6g000005eltaAAA,VAREJO II
21251,a0i6g000005em0mAAA,NAO CADASTRADA
21252,a0i6g000005em9TAAQ,NAO CADASTRADA
21253,a0i6g000005emGyAAI,VAREJO I
21254,a0i6g000005emIxAAI,PERSONALIZADO
21255,a0i6g000005emKMAAY,NAO CADASTRADA
21256,a0i6g000005emMtAAI,NAO CADASTRADA
21257,a0i6g000005emQ1AAI,EXCLUSIVO REMOTO
21258,a0i6g000005emydAAA,ESTILO
21259,a0i6g000005enHjAAI,ESTILO
21260,a0i6g000005enKRAAY,VAREJO I
21261,a0i6g000005enmRAAQ,EXCLUSIVO REMOTO
21262,a0i6g000005enoIAAQ,ESTILO REMOTO
21263,a0i6g000005enqcAAA,VAREJO II
21264,a0i6g000005ensOAAQ,EXCLUSIVO REMOTO
21265,a0i6g000005eo0EAAQ,GRUPO OUTROS TIT
21266,a0i6g000005eo1VAAQ,VAREJO II
21267,a0i6g000005eo3LAAQ,NAO CADASTRADA
21268,a0i6g000005eodLAAQ,ESTILO
21269,a0i6g000005eodpAAA,EXCLUSIVO REMOTO
21270,a0i6g000005eoEdAAI,NAO CADASTRADA
21271,a0i6g000005eougAAA,PERSONALIZADO
21272,a0i6g000005eoWKAAY,EXCLUSIVO REMOTO
21273,a0i6g000005eoXeAAI,GRUPO REST CADASTRAL
21274,a0i6g000005eozIAAQ,EXCLUSIVO REMOTO
21275,a0i6g000005et0ZAAQ,POTENCIAL PF
21276,a0i6g000005ez3RAAQ,POTENCIAL PF
21277,a0i6g000005eZFLAA2,ESTILO
21278,a0i6g000005f3NoAAI,NAO CADASTRADA
21279,a0i6g000005f49oAAA,VAREJO I
21280,a0i6g000005fAf5AAE,EXCLUSIVO REMOTO
21281,a0i6g000005fbANAAY,VAREJO I
21282,a0i6g000005fDC5AAM,PERSONALIZADO
21283,a0i6g000005fMs0AAE,VAREJO I
21284,a0i6g000005fRj0AAE,PERSONALIZADO
21285,a0i6g000005fTkTAAU,NAO CADASTRADA
21286,a0i6g000005fUzdAAE,NAO CADASTRADA
21287,a0i6g000005fvaQAAQ,POTENCIAL PF
21288,a0i6g000005fxH1AAI,VAREJO II
21289,a0i6g000005fY72AAE,VAREJO I
21290,a0i6g000005fzsxAAA,VAREJO I
21291,a0i6g000005g1dJAAQ,GRUPO JOVEM
21292,a0i6g000005g4VrAAI,NAO CADASTRADA
21293,a0i6g000005g5jkAAA,POTENCIAL PF
21294,a0i6g000005g7HfAAI,PERSONALIZADO
21295,a0i6g000005g7vYAAQ,NAO CADASTRADA
21296,a0i6g000005g8htAAA,EXCLUSIVO REMOTO
21297,a0i6g000005gBgtAAE,PERSONALIZADO
21298,a0i6g000005gHUMAA2,NAO CADASTRADA
21299,a0i6g000005gHVNAA2,PERSONALIZADO
21300,a0i6g000005gKedAAE,NAO CADASTRADA
21301,a0i6g000005gN50AAE,VAREJO I
21302,a0i6g000005loFOAAY,NAO CADASTRADA
21303,a0i6g000005lp7nAAA,VAREJO I
21304,a0i6g000005ltMfAAI,NAO CADASTRADA
21305,a0i6g000005m58vAAA,VAREJO II
21306,a0i6g000005m6e5AAA,RURAL ESTILO
21307,a0i6g000005m6UOAAY,ESTILO REMOTO
21308,a0i6g000005m6WEAAY,NAO CADASTRADA
21309,a0i6g000005m7BgAAI,VAREJO I
21310,a0i6g000005m7OtAAI,VAREJO II
21311,a0i6g000005m7syAAA,NAO CADASTRADA
21312,a0i6g000005m8ssAAA,POTENCIAL PF
21313,a0i6g000005m90sAAA,GRUPO REST CADASTRAL
21314,a0i6g000005m9AjAAI,NAO CADASTRADA
21315,a0i6g000005m9B1AAI,VAREJO I
21316,a0i6g000005mbgXAAQ,GRUPO REST CADASTRAL
21317,a0i6g000005mciyAAA,NAO CADASTRADA
21318,a0i6g000005mcm2AAA,POTENCIAL PF
21319,a0i6g000005mfRWAAY,VAREJO I
21320,a0i6g000005mgBuAAI,VAREJO II
21321,a0i6g000005mHbjAAE,EXCLUSIVO REMOTO
21322,a0i6g000005mHN1AAM,EXCLUSIVO REMOTO
21323,a0i6g000005mHqeAAE,NAO CADASTRADA
21324,a0i6g000005mhQxAAI,NAO CADASTRADA
21325,a0i6g000005mIOwAAM,GRUPO REST CADASTRAL
21326,a0i6g000005mj1tAAA,POTENCIAL PF
21327,a0i6g000005mlwEAAQ,EXCLUSIVO REMOTO
21328,a0i6g000005eamNAAQ,NAO CADASTRADA
21329,a0i6g000005ebHLAAY,NAO CADASTRADA
21330,a0i6g000005ebkzAAA,NAO CADASTRADA
21331,a0i6g000005edCpAAI,NAO CADASTRADA
21332,a0i6g000005efHzAAI,ESTILO
21333,a0i6g000005eg4xAAA,PERSONALIZADO
21334,a0i6g000005eiHaAAI,NAO CADASTRADA
21335,a0i6g000005eikOAAQ,ESTILO
21336,a0i6g000005eiotAAA,GRUPO OUTROS TIT
21337,a0i6g000005eiTSAAY,EXCLUSIVO REMOTO
21338,a0i6g000005ej6CAAQ,VAREJO I
21339,a0i6g000005ej94AAA,ESTILO REMOTO
21340,a0i6g000005ejHVAAY,PERSONALIZADO
21341,a0i6g000005ejIMAAY,ESTILO
21342,a0i6g000005ejoZAAQ,GRUPO CLIENTE PRODUT
21343,a0i6g000005ejRMAAY,VAREJO I
21344,a0i6g000005ekhtAAA,NAO CADASTRADA
21345,a0i6g000005ekUuAAI,EXCLUSIVO REMOTO
21346,a0i6g000005ekYPAAY,PERSONALIZADO
21347,a0i6g000005el1zAAA,EX CLIENTES
21348,a0i6g000005elHMAAY,VAREJO I
21349,a0i6g000005elmOAAQ,NAO CADASTRADA
21350,a0i6g000005elXaAAI,VAREJO I
21351,a0i6g000005elZ0AAI,VAREJO I
21352,a0i6g000005em2DAAQ,VAREJO I
21353,a0i6g000005em7DAAQ,POTENCIAL PF
21354,a0i6g000005emB3AAI,VAREJO II
21355,a0i6g000005emhjAAA,GRUPO REST CADASTRAL
21356,a0i6g000005emvmAAA,NAO CADASTRADA
21357,a0i6g000005en7jAAA,VAREJO I
21358,a0i6g000005enbmAAA,NAO CADASTRADA
21359,a0i6g000005endcAAA,POTENCIAL PF
21360,a0i6g000005enGRAAY,NAO CADASTRADA
21361,a0i6g000005enSPAAY,NAO CADASTRADA
21362,a0i6g000005eocmAAA,GRUPO REST CADASTRAL
21363,a0i6g000005eofMAAQ,PERSONALIZADO
21364,a0i6g000005eoo6AAA,GRUPO CTA MOV LIM
21365,a0i6g000005eZ79AAE,POTENCIAL PF
21366,a0i6g000005eZ9qAAE,VAREJO I
21367,a0i6g000005eZCCAA2,POTENCIAL PF
21368,a0i6g000005eZGyAAM,GRUPO CTA MOV LIM
21369,a0i6g000005eZVwAAM,POTENCIAL PF
21370,a0i6g000005f18AAAQ,VAREJO II
21371,a0i6g000005f24LAAQ,VAREJO I
21372,a0i6g000005f32wAAA,POTENCIAL PF
21373,a0i6g000005f5h3AAA,VAREJO I
21374,a0i6g000005f7HyAAI,GRUPO CLIENTE PRODUT
21375,a0i6g000005f8zrAAA,VAREJO I
21376,a0i6g000005faPKAAY,VAREJO I
21377,a0i6g000005fbS5AAI,VAREJO I
21378,a0i6g000005fdJ8AAI,POTENCIAL PF
21379,a0i6g000005fEvAAAU,EXCLUSIVO REMOTO
21380,a0i6g000005fH6HAAU,POTENCIAL PF
21381,a0i6g000005fI5sAAE,VAREJO I
21382,a0i6g000005fjKoAAI,VAREJO II
21383,a0i6g000005fJn8AAE,VAREJO I
21384,a0i6g000005fKexAAE,VAREJO I
21385,a0i6g000005fLcnAAE,VAREJO I
21386,a0i6g000005fRy8AAE,PERSONALIZADO
21387,a0i6g000005fT6XAAU,VAREJO I
21388,a0i6g000005fTUrAAM,PERSONALIZADO
21389,a0i6g000005fU63AAE,VAREJO II
21390,a0i6g000005fVasAAE,VAREJO I
21391,a0i6g000005fWNJAA2,VAREJO I
21392,a0i6g000005fWRqAAM,VAREJO I
21393,a0i6g000005fwwSAAQ,VAREJO I
21394,a0i6g000005fyG4AAI,NAO CADASTRADA
21395,a0i6g000005fyWwAAI,VAREJO II
21396,a0i6g000005fZnaAAE,NAO CADASTRADA
21397,a0i6g000005fZSWAA2,VAREJO I
21398,a0i6g000005g1ywAAA,POTENCIAL PF
21399,a0i6g000005g5EtAAI,NAO CADASTRADA
21400,a0i6g000005g9O4AAI,PERSONALIZADO
21401,a0i6g000005gEqjAAE,NAO CADASTRADA
21402,a0i6g000005gGxRAAU,POTENCIAL PF
21403,a0i6g000005gHjEAAU,POTENCIAL PF
21404,a0i6g000005gJDBAA2,PERSONALIZADO
21405,a0i6g000005gL6bAAE,PERSONALIZADO
21406,a0i6g000005gMmPAAU,EXCLUSIVO REMOTO
21407,a0i6g000005gOAjAAM,POTENCIAL PF
21408,a0i6g000005gPY1AAM,PERSONALIZADO
21409,a0i6g000005lw4YAAQ,NAO CADASTRADA
21410,a0i6g000005m3TLAAY,PERSONALIZADO
21411,a0i6g000005m6UNAAY,ESTILO REMOTO
21412,a0i6g000005m797AAA,ESTILO
21413,a0i6g000005m7YmAAI,NAO CADASTRADA
21414,a0i6g000005m8OJAAY,EXCLUSIVO REMOTO
21415,a0i6g000005m8QxAAI,NAO CADASTRADA
21416,a0i6g000005ma9XAAQ,GRUPO REST CADASTRAL
21417,a0i6g000005mbhCAAQ,EXCLUSIVO REMOTO
21418,a0i6g000005mc3QAAQ,NAO CADASTRADA
21419,a0i6g000005mcMZAAY,POTENCIAL PF
21420,a0i6g000005mfQIAAY,POTENCIAL PF
21421,a0i6g000005mJBvAAM,PERSONALIZADO
21422,a0i6g000005mJKkAAM,NAO CADASTRADA
21423,a0i6g000005mnmNAAQ,NAO CADASTRADA
21424,a0i6g000005mrvzAAA,EXCLUSIVO REMOTO
21425,a0i6g000005mSf4AAE,VAREJO I
21426,a0i6g000005msQfAAI,PERSONALIZADO
21427,a0i6g000005edQ8AAI,NAO CADASTRADA
21428,a0i6g000005eeF4AAI,VAREJO I
21429,a0i6g000005eeXVAAY,ESTILO
21430,a0i6g000005efaEAAQ,NAO CADASTRADA
21431,a0i6g000005efkcAAA,POTENCIAL PF
21432,a0i6g000005ehDzAAI,VAREJO I
21433,a0i6g000005eioYAAQ,GRUPO INADIMPLENTES
21434,a0i6g000005eiTtAAI,VAREJO I
21435,a0i6g000005eiXJAAY,NAO CADASTRADA
21436,a0i6g000005eizcAAA,NAO CADASTRADA
21437,a0i6g000005eizzAAA,VAREJO I
21438,a0i6g000005ejonAAA,VAREJO II
21439,a0i6g000005ejX5AAI,NAO CADASTRADA
21440,a0i6g000005ekjGAAQ,POTENCIAL PF
21441,a0i6g000005ekw1AAA,EXCLUSIVO REMOTO
21442,a0i6g000005ekXRAAY,PERSONALIZADO
21443,a0i6g000005ekZLAAY,NAO CADASTRADA
21444,a0i6g000005ekZnAAI,GRUPO CTA MOV LIM
21445,a0i6g000005el24AAA,ESTILO
21446,a0i6g000005elcPAAQ,VAREJO II
21447,a0i6g000005elyZAAQ,PERSONALIZADO
21448,a0i6g000005emspAAA,VAREJO I
21449,a0i6g000005emwyAAA,NAO CADASTRADA
21450,a0i6g000005emx7AAA,VAREJO I
21451,a0i6g000005emYcAAI,NAO CADASTRADA
21452,a0i6g000005enFJAAY,PERSONALIZADO
21453,a0i6g000005enHYAAY,NAO CADASTRADA
21454,a0i6g000005enI8AAI,RURAL ESTILO
21455,a0i6g000005enIPAAY,NAO CADASTRADA
21456,a0i6g000005eodnAAA,EXCLUSIVO REMOTO
21457,a0i6g000005eoGUAAY,EXCLUSIVO REMOTO
21458,a0i6g000005eoqgAAA,ESTILO
21459,a0i6g000005eouJAAQ,ESTILO
21460,a0i6g000005f3HhAAI,VAREJO I
21461,a0i6g000005f5FEAAY,VAREJO I
21462,a0i6g000005f6cTAAQ,VAREJO I
21463,a0i6g000005fcOoAAI,VAREJO I
21464,a0i6g000005ff8cAAA,VAREJO I
21465,a0i6g000005ffjUAAQ,VAREJO I
21466,a0i6g000005fHh3AAE,PERSONALIZADO
21467,a0i6g000005fiUKAAY,VAREJO I
21468,a0i6g000005fKeuAAE,VAREJO I
21469,a0i6g000005fnLUAAY,VAREJO I
21470,a0i6g000005fNZtAAM,VAREJO I
21471,a0i6g000005fpkQAAQ,VAREJO I
21472,a0i6g000005fTGQAA2,POTENCIAL PF
21473,a0i6g000005fUMMAA2,GRUPO REST CADASTRAL
21474,a0i6g000005g5rnAAA,EXCLUSIVO REMOTO
21475,a0i6g000005g7gFAAQ,PERSONALIZADO
21476,a0i6g000005g8zfAAA,POTENCIAL PF
21477,a0i6g000005gDqfAAE,PERSONALIZADO
21478,a0i6g000005gFEmAAM,GRUPO OUTROS TIT
21479,a0i6g000005gIjUAAU,NAO CADASTRADA
21480,a0i6g000005gJrKAAU,POTENCIAL PF
21481,a0i6g000005gK6QAAU,PERSONALIZADO
21482,a0i6g000005gMPhAAM,POTENCIAL PF
21483,a0i6g000005gMW5AAM,EXCLUSIVO REMOTO
21484,a0i6g000005gOs4AAE,NAO CADASTRADA
21485,a0i6g000005gPjrAAE,NAO CADASTRADA
21486,a0i6g000005gQbPAAU,EXCLUSIVO REMOTO
21487,a0i6g000005gQN8AAM,POTENCIAL PF
21488,a0i6g000005lmqkAAA,POTENCIAL PF
21489,a0i6g000005lyAyAAI,NAO CADASTRADA
21490,a0i6g000005m25pAAA,VAREJO I
21491,a0i6g000005m3Z6AAI,NAO CADASTRADA
21492,a0i6g000005m58tAAA,NAO CADASTRADA
21493,a0i6g000005m66rAAA,NAO CADASTRADA
21494,a0i6g000005m8TdAAI,NAO CADASTRADA
21495,a0i6g000005m95WAAQ,NAO CADASTRADA
21496,a0i6g000005mdgzAAA,NAO CADASTRADA
21497,a0i6g000005mHp3AAE,EXCLUSIVO REMOTO
21498,a0i6g000005mHxzAAE,RURAL ESTILO
21499,a0i6g000005mICBAA2,GRUPO CTA MOV LIM
21500,a0i6g000005mirCAAQ,VAREJO I
21501,a0i6g000005mJFvAAM,EXCLUSIVO REMOTO
21502,a0i6g000005mKgCAAU,NAO CADASTRADA
21503,a0i6g000005mKPZAA2,VAREJO I
21504,a0i6g000005mKRpAAM,POTENCIAL PF
21505,a0i6g000005monSAAQ,POTENCIAL PF
21506,a0i6g000005mRE2AAM,POTENCIAL PF
21507,a0i6g000005msdhAAA,NAO CADASTRADA
21508,a0i6g000005msmOAAQ,NAO CADASTRADA
21509,a0i6g000005mt38AAA,POTENCIAL PF
21510,a0i6g000005mtq2AAA,VAREJO I
21511,a0i6g000005mtz8AAA,ESTILO
21512,a0i6g000005muZRAAY,PREFERENCIAL
21513,a0i6g000005mVGaAAM,POTENCIAL PF
21514,a0i6g000005mvHGAAY,NAO CADASTRADA
21515,a0i6g000005mw4ZAAQ,PERSONALIZADO
21516,a0i6g000005mWreAAE,VAREJO I
21517,a0i6g000005mx00AAA,NAO CADASTRADA
21518,a0i6g000005mXw3AAE,POTENCIAL PF
21519,a0i6g000005my7cAAA,EXCLUSIVO REMOTO
21520,a0i6g000005myVJAAY,NAO CADASTRADA
21521,a0i6g000005mZJiAAM,NAO CADASTRADA
21522,a0i6g000005n0sqAAA,EXCLUSIVO REMOTO
21523,a0i6g000005n14hAAA,UNIVERSITARIOS
21524,a0i6g000005n3kkAAA,VAREJO I
21525,a0i6g000005n3KQAAY,VAREJO I
21526,a0i6g000005mzDQAAY,POTENCIAL PF
21527,a0i6g000005n4uuAAA,NAO CADASTRADA
21528,a0i6g000005n6T1AAI,POTENCIAL PF
21529,a0i6g000005n8s3AAA,VAREJO I
21530,a0i6g000005nCnVAAU,GRUPO REST CADASTRAL
21531,a0i6g000005nCOCAA2,EXCLUSIVO REMOTO
21532,a0i6g000005nDF5AAM,NAO CADASTRADA
21533,a0i6g000005nEFwAAM,POTENCIAL PF
21534,a0i6g000005nEH0AAM,PERSONALIZADO
21535,a0i6g000005nEKpAAM,ESTILO
21536,a0i6g000005nF11AAE,NAO CADASTRADA
21537,a0i6g000005nFh4AAE,VAREJO I
21538,a0i6g000005nFI7AAM,POTENCIAL PF
21539,a0i6g000005nFrZAAU,GRUPO REST CADASTRAL
21540,a0i6g000005nGjIAAU,NAO CADASTRADA
21541,a0i6g000005nGjqAAE,VAREJO I
21542,a0i6g000005nGmwAAE,NAO CADASTRADA
21543,a0i6g000005nGorAAE,NAO CADASTRADA
21544,a0i6g000005nH0RAAU,VAREJO I
21545,a0i6g000005nH3JAAU,ESTILO
21546,a0i6g000005nHgxAAE,PERSONALIZADO
21547,a0i6g000005nIaqAAE,GRUPO CTA MOV LIM
21548,a0i6g000005nIDaAAM,GRUPO COMERCIAL
21549,a0i6g000005nIrlAAE,VAREJO I
21550,a0i6g000005nJAuAAM,NAO CADASTRADA
21551,a0i6g000005nJj4AAE,ESTILO REMOTO
21552,a0i6g000005nJLuAAM,NAO CADASTRADA
21553,a0i6g000005nJx8AAE,VAREJO II
21554,a0i6g000005nKS7AAM,POTENCIAL PF
21555,a0i6g000005nLGRAA2,NAO CADASTRADA
21556,a0i6g000005nLMcAAM,NAO CADASTRADA
21557,a0i6g000005nMXaAAM,PERSONALIZADO
21558,a0i6g000005nNijAAE,ESTILO
21559,a0i6g000005nNoOAAU,VAREJO II
21560,a0i6g000005nNoxAAE,EXCLUSIVO REMOTO
21561,a0i6g000005nNrUAAU,VAREJO II
21562,a0i6g000005nO0JAAU,ESTILO
21563,a0i6g000005nPAYAA2,NAO CADASTRADA
21564,a0i6g000005nPBwAAM,EXCLUSIVO REMOTO
21565,a0i6g000005nPEDAA2,PERSONALIZADO
21566,a0i6g000005nPejAAE,ESTILO
21567,a0i6g000005nPm0AAE,NAO CADASTRADA
21568,a0i6g000005nPpXAAU,PERSONALIZADO
21569,a0i6g000005nPTgAAM,VAREJO II
21570,a0i6g000005nPV8AAM,NAO CADASTRADA
21571,a0i6g000005nPWJAA2,POTENCIAL PF
21572,a0i6g000005nPYSAA2,ESTILO
21573,a0i6g000005nQn8AAE,EXCLUSIVO REMOTO
21574,a0i6g000005nREoAAM,EXCLUSIVO REMOTO
21575,a0i6g000005oba9AAA,PERSONALIZADO
21576,a0i6g000005obN5AAI,POTENCIAL PF
21577,a0i6g000005obTLAAY,NAO CADASTRADA
21578,a0i6g000005oFGgAAM,VAREJO I
21579,a0i6g000005oSdQAAU,NAO CADASTRADA
21580,a0i6g000005oSoGAAU,EXCLUSIVO REMOTO
21581,a0i6g000005oSOKAA2,VAREJO II
21582,a0i6g000005oSPzAAM,POTENCIAL PF
21583,a0i6g000005oT5XAAU,NAO CADASTRADA
21584,a0i6g000005oThyAAE,ESTILO
21585,a0i6g000005oUZkAAM,GRUPO POUP N CORRENT
21586,a0i6g000005oUZxAAM,NAO CADASTRADA
21587,a0i6g000005oWIWAA2,POTENCIAL PF
21588,a0i6g000005QwQwAAK,GRUPO REST CADASTRAL
21589,a0i6g000005Qx5VAAS,GRUPO POUP N CORRENT
21590,a0i6g000005QxmeAAC,ESTILO
21591,a0i6g000005QyGTAA0,NAO CADASTRADA
21592,a0i6g000005QyTbAAK,VAREJO II
21593,a0i6g000005QyxPAAS,NAO CADASTRADA
21594,a0i6g000005Qz0MAAS,ESTILO
21595,a0i6g000005QzYoAAK,VAREJO I
21596,a0i6g000005R0ADAA0,RURAL ESTILO
21597,a0i6g000005R3cWAAS,NAO CADASTRADA
21598,a0i6g000005R4DjAAK,VAREJO I
21599,a0i6g000005R65wAAC,PERSONALIZADO
21600,a0i6g000005R6bQAAS,GRUPO INADIMPLENTES
21601,a0i6g000005R6oGAAS,EXCLUSIVO REMOTO
21602,a0i6g000005R6zmAAC,PERSONALIZADO
21603,a0i6g000005R7HoAAK,EXCLUSIVO REMOTO
21604,a0i6g000005R7KtAAK,POTENCIAL PF
21605,a0i6g000005R9LyAAK,NAO CADASTRADA
21606,a0i6g000005R9ukAAC,RURAL ESTILO
21607,a0i6g000005R9z3AAC,NAO CADASTRADA
21608,a0i6g000005RAK4AAO,ESTILO
21609,a0i6g000005RBW7AAO,VAREJO I
21610,a0i6g000005RCe9AAG,NAO CADASTRADA
21611,a0i6g000005RCWrAAO,EXCLUSIVO REMOTO
21612,a0i6g000005RCWwAAO,NAO CADASTRADA
21613,a0i6g000005RCzLAAW,ESTILO
21614,a0i6g000005RD1mAAG,POTENCIAL PF
21615,a0i6g000005REbbAAG,VAREJO I
21616,a0i6g000005RFaQAAW,FALECIDOS COM OPER
21617,a0i6g000005RFn1AAG,GRUPO CLIENTE PRODUT
21618,a0i6g000005RGNqAAO,PERSONALIZADO
21619,a0i6g000005RGpKAAW,EXCLUSIVO REMOTO
21620,a0i6g000005RGSIAA4,VAREJO II
21621,a0i6g000005RHlZAAW,PERSONALIZADO I
21622,a0i6g000005RJF6AAO,NAO CADASTRADA
21623,a0i6g000005RJYgAAO,NAO CADASTRADA
21624,a0i6g000005moqGAAQ,POTENCIAL PF
21625,a0i6g000005mrscAAA,NAO CADASTRADA
21626,a0i6g000005mrsIAAQ,NAO CADASTRADA
21627,a0i6g000005msQJAAY,POTENCIAL PF
21628,a0i6g000005mTOmAAM,NAO CADASTRADA
21629,a0i6g000005mu4vAAA,VAREJO II
21630,a0i6g000005mvf5AAA,VAREJO I
21631,a0i6g000005mvR1AAI,VAREJO I
21632,a0i6g000005mxHCAAY,VAREJO I
21633,a0i6g000005myK7AAI,GRUPO POUP N CORRENT
21634,a0i6g000005myVKAAY,EXCLUSIVO REMOTO
21635,a0i6g000005n2hvAAA,POTENCIAL PF
21636,a0i6g000005n6wJAAQ,POTENCIAL PF
21637,a0i6g000005n7meAAA,VAREJO I
21638,a0i6g000005n8IxAAI,VAREJO II
21639,a0i6g000005nAOgAAM,NAO CADASTRADA
21640,a0i6g000005nBRxAAM,EXCLUSIVO REMOTO
21641,a0i6g000005nC4FAAU,ESTILO
21642,a0i6g000005nCmgAAE,VAREJO I
21643,a0i6g000005nCUzAAM,GRUPO REST CADASTRAL
21644,a0i6g000005nDRuAAM,PERSONALIZADO I
21645,a0i6g000005nEhEAAU,EXCLUSIVO REMOTO
21646,a0i6g000005nEtDAAU,VAREJO I
21647,a0i6g000005nGeaAAE,VAREJO I
21648,a0i6g000005nGIjAAM,VAREJO I
21649,a0i6g000005nHfqAAE,NAO CADASTRADA
21650,a0i6g000005nIL7AAM,EXCLUSIVO REMOTO
21651,a0i6g000005nIS7AAM,EXCLUSIVO REMOTO
21652,a0i6g000005nIUJAA2,GRUPO REST CADASTRAL
21653,a0i6g000005nKj6AAE,PERSONALIZADO
21654,a0i6g000005nLu5AAE,POTENCIAL PF
21655,a0i6g000005nLvQAAU,VAREJO I
21656,a0i6g000005nMqbAAE,NAO CADASTRADA
21657,a0i6g000005nMrQAAU,NAO CADASTRADA
21658,a0i6g000005nMWQAA2,NAO CADASTRADA
21659,a0i6g000005nNdIAAU,ESTILO
21660,a0i6g000005nNj7AAE,NAO CADASTRADA
21661,a0i6g000005nNrKAAU,POTENCIAL PF
21662,a0i6g000005nONJAA2,ESTILO
21663,a0i6g000005nOYtAAM,NAO CADASTRADA
21664,a0i6g000005nP4DAAU,POTENCIAL PF
21665,a0i6g000005nP65AAE,EXCLUSIVO REMOTO
21666,a0i6g000005nP7cAAE,NAO CADASTRADA
21667,a0i6g000005nPfcAAE,UNIVERSITARIOS
21668,a0i6g000005nPhCAAU,NAO CADASTRADA
21669,a0i6g000005nPnvAAE,POTENCIAL PF
21670,a0i6g000005nRgKAAU,PRIVATE
21671,a0i6g000005o6DZAAY,GRUPO POUP N CORRENT
21672,a0i6g000005oafGAAQ,VAREJO I
21673,a0i6g000005obcBAAQ,NAO CADASTRADA
21674,a0i6g000005obNcAAI,VAREJO II
21675,a0i6g000005oc5ZAAQ,NAO CADASTRADA
21676,a0i6g000005ocvkAAA,POTENCIAL PF
21677,a0i6g000005ocvpAAA,POTENCIAL PF
21678,a0i6g000005oeS1AAI,NAO CADASTRADA
21679,a0i6g000005oltzAAA,VAREJO II
21680,a0i6g000005oqDTAAY,NAO CADASTRADA
21681,a0i6g000005oSsoAAE,EXCLUSIVO REMOTO
21682,a0i6g000005oVsDAAU,POTENCIAL PF
21683,a0i6g000005oWCmAAM,NAO CADASTRADA
21684,a0i6g000005oX2XAAU,POTENCIAL PF
21685,a0i6g000005oYIgAAM,ESTILO
21686,a0i6g000005oZLCAA2,GRUPO POUP N CORRENT
21687,a0i6g000005QwdiAAC,NAO CADASTRADA
21688,a0i6g000005QwlkAAC,VAREJO II
21689,a0i6g000005Qxm3AAC,NAO CADASTRADA
21690,a0i6g000005QxwoAAC,NAO CADASTRADA
21691,a0i6g000005QyBxAAK,NAO CADASTRADA
21692,a0i6g000005QyKZAA0,GRUPO POUP N CORRENT
21693,a0i6g000005QyVDAA0,POTENCIAL PF
21694,a0i6g000005QzUcAAK,EXCLUSIVO
21695,a0i6g000005R0ANAA0,NAO CADASTRADA
21696,a0i6g000005R3gCAAS,PERSONALIZADO
21697,a0i6g000005R5UIAA0,VAREJO I
21698,a0i6g000005R69PAAS,PERSONALIZADO
21699,a0i6g000005R6B1AAK,EXCLUSIVO REMOTO
21700,a0i6g000005R6fMAAS,GRUPO POUP N CORRENT
21701,a0i6g000005R6nwAAC,PERSONALIZADO
21702,a0i6g000005R6ybAAC,VAREJO I
21703,a0i6g000005R78qAAC,RURAL ESTILO
21704,a0i6g000005R9JiAAK,VAREJO I
21705,a0i6g000005R9M7AAK,PERSONALIZADO
21706,a0i6g000005R9QaAAK,PERSONALIZADO
21707,a0i6g000005R9ReAAK,NAO CADASTRADA
21708,a0i6g000005R9VAAA0,PERSONALIZADO
21709,a0i6g000005R9vxAAC,GRUPO REST CADASTRAL
21710,a0i6g000005RAlpAAG,GRUPO REST CADASTRAL
21711,a0i6g000005RBLkAAO,VAREJO I
21712,a0i6g000005RBOtAAO,VAREJO I
21713,a0i6g000005RBt1AAG,ESTILO
21714,a0i6g000005RBuxAAG,EXCLUSIVO REMOTO
21715,a0i6g000005RCidAAG,PERSONALIZADO
21716,a0i6g000005RCJtAAO,VAREJO I
21717,a0i6g000005RCNjAAO,VAREJO I
21718,a0i6g000005RCNOAA4,EXCLUSIVO REMOTO
21719,a0i6g000005RCWzAAO,PERSONALIZADO
21720,a0i6g000005RdDdAAK,POTENCIAL PF
21721,a0i6g000005RfmwAAC,EXCLUSIVO REMOTO
21722,a0i6g000005msWDAAY,NAO CADASTRADA
21723,a0i6g000005mt8SAAQ,VAREJO I
21724,a0i6g000005mtCgAAI,PERSONALIZADO
21725,a0i6g000005mtkAAAQ,NAO CADASTRADA
21726,a0i6g000005muyyAAA,VAREJO I
21727,a0i6g000005mUZKAA2,NAO CADASTRADA
21728,a0i6g000005mVdYAAU,VAREJO I
21729,a0i6g000005mvt3AAA,NAO CADASTRADA
21730,a0i6g000005mvTyAAI,POTENCIAL PF
21731,a0i6g000005mVzOAAU,NAO CADASTRADA
21732,a0i6g000005mwmjAAA,NAO CADASTRADA
21733,a0i6g000005mxkbAAA,GRUPO CLIENTE PRODUT
21734,a0i6g000005my7UAAQ,EXCLUSIVO REMOTO
21735,a0i6g000005myRKAAY,NAO CADASTRADA
21736,a0i6g000005mzbRAAQ,POTENCIAL PF
21737,a0i6g000005n9DlAAI,NAO CADASTRADA
21738,a0i6g000005nBcHAAU,EXCLUSIVO REMOTO
21739,a0i6g000005nD2hAAE,EXCLUSIVO REMOTO
21740,a0i6g000005nDRkAAM,NAO CADASTRADA
21741,a0i6g000005nEnbAAE,NAO CADASTRADA
21742,a0i6g000005nESuAAM,EXCLUSIVO REMOTO
21743,a0i6g000005nGrJAAU,GRUPO OUTROS TIT
21744,a0i6g000005nGTmAAM,NAO CADASTRADA
21745,a0i6g000005nHhKAAU,NAO CADASTRADA
21746,a0i6g000005nHIYAA2,VAREJO II
21747,a0i6g000005nI2pAAE,NAO CADASTRADA
21748,a0i6g000005nICCAA2,NAO CADASTRADA
21749,a0i6g000005nIDmAAM,POTENCIAL PF
21750,a0i6g000005nIO0AAM,VAREJO I
21751,a0i6g000005nK8DAAU,ESTILO REMOTO
21752,a0i6g000005nKDjAAM,NAO CADASTRADA
21753,a0i6g000005nKSNAA2,EXCLUSIVO REMOTO
21754,a0i6g000005nKySAAU,PERSONALIZADO
21755,a0i6g000005nKZ5AAM,PERSONALIZADO
21756,a0i6g000005nLGDAA2,NAO CADASTRADA
21757,a0i6g000005nLGKAA2,NAO CADASTRADA
21758,a0i6g000005nM4MAAU,GRUPO POUP N CORRENT
21759,a0i6g000005nMDeAAM,ESTILO
21760,a0i6g000005nNknAAE,POTENCIAL PF
21761,a0i6g000005nNwKAAU,NAO CADASTRADA
21762,a0i6g000005nNwzAAE,VAREJO II
21763,a0i6g000005nPnHAAU,PERSONALIZADO
21764,a0i6g000005nPV2AAM,GRUPO REST CADASTRAL
21765,a0i6g000005nQ49AAE,PERSONALIZADO
21766,a0i6g000005oa7JAAQ,RURAL ESTILO
21767,a0i6g000005obeTAAQ,ESTILO
21768,a0i6g000005obIhAAI,PERSONALIZADO
21769,a0i6g000005obucAAA,NAO CADASTRADA
21770,a0i6g000005oceZAAQ,PERSONALIZADO
21771,a0i6g000005ofNKAAY,NAO CADASTRADA
21772,a0i6g000005okeaAAA,NAO CADASTRADA
21773,a0i6g000005oSbxAAE,PREFERENCIAL
21774,a0i6g000005oT4iAAE,NAO CADASTRADA
21775,a0i6g000005oTizAAE,GRUPO INADIMPLENTES
21776,a0i6g000005oTJfAAM,NAO CADASTRADA
21777,a0i6g000005oTKfAAM,VAREJO I
21778,a0i6g000005oTl1AAE,GRUPO POUP N CORRENT
21779,a0i6g000005oTpoAAE,NAO CADASTRADA
21780,a0i6g000005oTtBAAU,VAREJO II
21781,a0i6g000005oTv1AAE,VAREJO II
21782,a0i6g000005oUrlAAE,PERSONALIZADO
21783,a0i6g000005oY03AAE,EXCLUSIVO REMOTO
21784,a0i6g000005oYEeAAM,NAO CADASTRADA
21785,a0i6g000005oYJ9AAM,ESTILO
21786,a0i6g000005oYt5AAE,GRUPO POUP N CORRENT
21787,a0i6g000005oZ94AAE,RURAL ESTILO
21788,a0i6g000005QwYNAA0,NAO CADASTRADA
21789,a0i6g000005QwzwAAC,EXCLUSIVO REMOTO
21790,a0i6g000005QxbNAAS,PERSONALIZADO
21791,a0i6g000005QxeqAAC,POTENCIAL PF
21792,a0i6g000005Qxt2AAC,VAREJO I
21793,a0i6g000005QyAMAA0,NAO CADASTRADA
21794,a0i6g000005QyiuAAC,EXCLUSIVO REMOTO
21795,a0i6g000005QymtAAC,RURAL ESTILO
21796,a0i6g000005QzgbAAC,VAREJO II
21797,a0i6g000005QzpgAAC,GRUPO REST CADASTRAL
21798,a0i6g000005R4agAAC,EXCLUSIVO REMOTO
21799,a0i6g000005R4fvAAC,NAO CADASTRADA
21800,a0i6g000005R4slAAC,NAO CADASTRADA
21801,a0i6g000005R4zuAAC,NAO CADASTRADA
21802,a0i6g000005R50pAAC,PERSONALIZADO
21803,a0i6g000005R5dIAAS,NAO CADASTRADA
21804,a0i6g000005R5kkAAC,VAREJO I
21805,a0i6g000005R5y6AAC,GRUPO REST CADASTRAL
21806,a0i6g000005R6mJAAS,EXCLUSIVO REMOTO
21807,a0i6g000005R74RAAS,NAO CADASTRADA
21808,a0i6g000005R9g6AAC,NAO CADASTRADA
21809,a0i6g000005R9vaAAC,NAO CADASTRADA
21810,a0i6g000005RAKuAAO,NAO CADASTRADA
21811,a0i6g000005RB51AAG,PRIVATE
21812,a0i6g000005RBzjAAG,NAO CADASTRADA
21813,a0i6g000005RC4OAAW,ESTILO
21814,a0i6g000005RCdHAAW,GRUPO COMERCIAL
21815,a0i6g000005RCdHAAW,VAREJO I
21816,a0i6g000005RCeEAAW,VAREJO I
21817,a0i6g000005RCrbAAG,VAREJO II
21818,a0i6g000005n72PAAQ,NAO CADASTRADA
21819,a0i6g000005n7LlAAI,VAREJO I
21820,a0i6g000005n8F8AAI,POTENCIAL PF
21821,a0i6g000005nBT4AAM,NAO CADASTRADA
21822,a0i6g000005nBuzAAE,PERSONALIZADO
21823,a0i6g000005nCNWAA2,PERSONALIZADO
21824,a0i6g000005nD8jAAE,GRUPO INADIMPLENTES
21825,a0i6g000005nDrzAAE,NAO CADASTRADA
21826,a0i6g000005nDTZAA2,NAO CADASTRADA
21827,a0i6g000005nDu7AAE,PERSONALIZADO
21828,a0i6g000005nEZYAA2,NAO CADASTRADA
21829,a0i6g000005nGbkAAE,NAO CADASTRADA
21830,a0i6g000005nGBxAAM,ESTILO
21831,a0i6g000005nGK2AAM,POTENCIAL PF
21832,a0i6g000005nH40AAE,VAREJO I
21833,a0i6g000005nHpDAAU,GRUPO POUP N CORRENT
21834,a0i6g000005nJNYAA2,FALECIDOS COM OPER
21835,a0i6g000005nJz0AAE,GRUPO INADIMPLENTES
21836,a0i6g000005nKFEAA2,EXCLUSIVO REMOTO
21837,a0i6g000005nM4MAAU,NAO CADASTRADA
21838,a0i6g000005nMBfAAM,NAO CADASTRADA
21839,a0i6g000005nMttAAE,FALECIDOS SEM OPER
21840,a0i6g000005nN4EAAU,NAO CADASTRADA
21841,a0i6g000005nNHoAAM,ESTILO
21842,a0i6g000005nNnhAAE,NAO CADASTRADA
21843,a0i6g000005nNVUAA2,ESTILO
21844,a0i6g000005nO2LAAU,PERSONALIZADO
21845,a0i6g000005nPQlAAM,ESTILO
21846,a0i6g000005nQAgAAM,VAREJO I
21847,a0i6g000005nR28AAE,VAREJO I
21848,a0i6g000005nRFEAA2,POTENCIAL PF
21849,a0i6g000005obcnAAA,NAO CADASTRADA
21850,a0i6g000005okg4AAA,VAREJO I
21851,a0i6g000005oSO2AAM,NAO CADASTRADA
21852,a0i6g000005oSP8AAM,EXCLUSIVO REMOTO
21853,a0i6g000005oSsJAAU,VAREJO I
21854,a0i6g000005oTczAAE,PERSONALIZADO
21855,a0i6g000005oTEeAAM,PERSONALIZADO
21856,a0i6g000005oTiwAAE,EXCLUSIVO REMOTO
21857,a0i6g000005oTp8AAE,NAO CADASTRADA
21858,a0i6g000005oUqlAAE,VAREJO I
21859,a0i6g000005oVcbAAE,ESTILO
21860,a0i6g000005oVgXAAU,NAO CADASTRADA
21861,a0i6g000005oWYDAA2,ESTILO
21862,a0i6g000005oXJ0AAM,EXCLUSIVO REMOTO
21863,a0i6g000005oXmMAAU,NAO CADASTRADA
21864,a0i6g000005oY79AAE,RURAL ESTILO
21865,a0i6g000005oY9RAAU,POTENCIAL PF
21866,a0i6g000005oYKjAAM,VAREJO I
21867,a0i6g000005oZ6kAAE,NAO CADASTRADA
21868,a0i6g000005oZHFAA2,NAO CADASTRADA
21869,a0i6g000005QxaxAAC,VAREJO II
21870,a0i6g000005QyO3AAK,POTENCIAL PF
21871,a0i6g000005QzHnAAK,VAREJO I
21872,a0i6g000005Qzw6AAC,NAO CADASTRADA
21873,a0i6g000005R3mZAAS,NAO CADASTRADA
21874,a0i6g000005R6roAAC,VAREJO I
21875,a0i6g000005R6ZyAAK,RURAL ESTILO
21876,a0i6g000005R9pmAAC,VAREJO II
21877,a0i6g000005RAq2AAG,POTENCIAL PF
21878,a0i6g000005RAr2AAG,NAO CADASTRADA
21879,a0i6g000005RATLAA4,POTENCIAL PF
21880,a0i6g000005RATPAA4,GRUPO REST CADASTRAL
21881,a0i6g000005RB1WAAW,EXCLUSIVO REMOTO
21882,a0i6g000005RBwaAAG,PERSONALIZADO
21883,a0i6g000005RCIrAAO,NAO CADASTRADA
21884,a0i6g000005RCuDAAW,POTENCIAL PF
21885,a0i6g000005RErfAAG,NAO CADASTRADA
21886,a0i6g000005RFBeAAO,VAREJO II
21887,a0i6g000005RFm7AAG,GRUPO INADIMPLENTES
21888,a0i6g000005RFugAAG,POTENCIAL PF
21889,a0i6g000005RFwJAAW,ESTILO REMOTO
21890,a0i6g000005RGILAA4,PERSONALIZADO
21891,a0i6g000005RH3qAAG,NAO CADASTRADA
21892,a0i6g000005RId1AAG,GRUPO REST CADASTRAL
21893,a0i6g000005RIshAAG,POTENCIAL PF
21894,a0i6g000005RJQkAAO,EXCLUSIVO REMOTO
21895,a0i6g000005RKHwAAO,NAO CADASTRADA
21896,a0i6g000005RLKvAAO,EXCLUSIVO REMOTO
21897,a0i6g000005RUgVAAW,GRUPO POUP N CORRENT
21898,a0i6g000005RUgVAAW,NAO CADASTRADA
21899,a0i6g000005RWLHAA4,NAO CADASTRADA
21900,a0i6g000005RYwYAAW,VAREJO I
21901,a0i6g000005S3dIAAS,EXCLUSIVO REMOTO
21902,a0i6g000005S5X1AAK,EXCLUSIVO REMOTO
21903,a0i6g000005Sa5nAAC,EXCLUSIVO REMOTO
21904,a0i6g000005SaujAAC,NAO CADASTRADA
21905,a0i6g000005SavFAAS,VAREJO I
21906,a0i6g000005Sb5OAAS,EXCLUSIVO REMOTO
21907,a0i6g000005SbBhAAK,NAO CADASTRADA
21908,a0i6g000005SbG8AAK,EXCLUSIVO REMOTO
21909,a0i6g000005SbuYAAS,GRUPO CLIENTE PRODUT
21910,a0i6g000005SbzLAAS,PERSONALIZADO
21911,a0i6g000005Sc4nAAC,GRUPO POUP N CORRENT
21912,a0i6g000005Sc9uAAC,EXCLUSIVO REMOTO
21913,a0i6g000005ScDRAA0,PERSONALIZADO
21914,a0i6g000005ScFfAAK,EXCLUSIVO REMOTO
21915,a0i6g000005RUk9AAG,NAO CADASTRADA
21916,a0i6g000005S3ThAAK,VAREJO I
21917,a0i6g000005S4mhAAC,POTENCIAL PF
21918,a0i6g000005S7oMAAS,PERSONALIZADO
21919,a0i6g000005Sa3WAAS,VAREJO II
21920,a0i6g000005SaCLAA0,GRUPO CTA MOV LIM
21921,a0i6g000005SaoVAAS,VAREJO II
21922,a0i6g000005SaSdAAK,VAREJO I
21923,a0i6g000005SbCHAA0,VAREJO I
21924,a0i6g000005SbEbAAK,NAO CADASTRADA
21925,a0i6g000005SbGPAA0,EXCLUSIVO REMOTO
21926,a0i6g000005SbSqAAK,VAREJO I
21927,a0i6g000005ScD9AAK,NAO CADASTRADA
21928,a0i6g000005ScIoAAK,NAO CADASTRADA
21929,a0i6g000005SDLNAA4,PERSONALIZADO
21930,a0i6g000005Se4PAAS,POTENCIAL PF
21931,a0i6g000005SeeaAAC,NAO CADASTRADA
21932,a0i6g000005SEIIAA4,NAO CADASTRADA
21933,a0i6g000005Sel7AAC,EXCLUSIVO REMOTO
21934,a0i6g000005SEMoAAO,ESTILO
21935,a0i6g000005SFBwAAO,NAO CADASTRADA
21936,a0i6g000005SffeAAC,GRUPO POUP N CORRENT
21937,a0i6g000005SFh1AAG,ESTILO
21938,a0i6g000005SfH3AAK,NAO CADASTRADA
21939,a0i6g000005SFjrAAG,PERSONALIZADO
21940,a0i6g000005SfslAAC,VAREJO I
21941,a0i6g000005SFWFAA4,EMPRESAS
21942,a0i6g000005Sg2TAAS,VAREJO I
21943,a0i6g000005SG9OAAW,VAREJO II
21944,a0i6g000005SgKyAAK,POTENCIAL PF
21945,a0i6g000005SH1FAAW,EXCLUSIVO REMOTO
21946,a0i6g000005Sh4xAAC,EXCLUSIVO REMOTO
21947,a0i6g000005ShFWAA0,VAREJO II
21948,a0i6g000005SHMXAA4,EXCLUSIVO REMOTO
21949,a0i6g000005ShodAAC,VAREJO II
21950,a0i6g000005ShswAAC,EXCLUSIVO REMOTO
21951,a0i6g000005Si58AAC,NAO CADASTRADA
21952,a0i6g000005SI5aAAG,NAO CADASTRADA
21953,a0i6g000005SieqAAC,POTENCIAL PF
21954,a0i6g000005SIImAAO,VAREJO I
21955,a0i6g000005SilmAAC,PERSONALIZADO
21956,a0i6g000005SimPAAS,POTENCIAL PF
21957,a0i6g000005SIssAAG,POTENCIAL PF
21958,a0i6g000005SIUXAA4,NAO CADASTRADA
21959,a0i6g000005Sj6qAAC,PERSONALIZADO
21960,a0i6g000005Sj6YAAS,NAO CADASTRADA
21961,a0i6g000005Sj9SAAS,POTENCIAL PF
21962,a0i6g000005SjJwAAK,PERSONALIZADO
21963,a0i6g000005SJP9AAO,PROSPECCAO
21964,a0i6g000005SJPQAA4,EXCLUSIVO REMOTO
21965,a0i6g000005SJpWAAW,VAREJO I
21966,a0i6g000005SjrqAAC,EXCLUSIVO REMOTO
21967,a0i6g000005SJRqAAO,NAO CADASTRADA
21968,a0i6g000005Sk8jAAC,ESTILO
21969,a0i6g000005SkdUAAS,POTENCIAL PF
21970,a0i6g000005SmdAAAS,PERSONALIZADO
21971,a0i6g000005SmdXAAS,ESTILO
21972,a0i6g000005SMnpAAG,NAO CADASTRADA
21973,a0i6g000005SO3FAAW,POTENCIAL PF
21974,a0i6g000005SODeAAO,GRUPO POUP N CORRENT
21975,a0i6g000005SOfQAAW,EXCLUSIVO REMOTO
21976,a0i6g000005SP1aAAG,GRUPO REST CADASTRAL
21977,a0i6g000005SpB1AAK,VAREJO II
21978,a0i6g000005SPEhAAO,NAO CADASTRADA
21979,a0i6g000005SPf2AAG,VAREJO I
21980,a0i6g000005SPhNAAW,VAREJO I
21981,a0i6g000005SPQcAAO,ESTILO
21982,a0i6g000005SQ4EAAW,GRUPO REST CADASTRAL
21983,a0i6g000005SqjHAAS,EXCLUSIVO REMOTO
21984,a0i6g000005SqnZAAS,ESTILO REMOTO
21985,a0i6g000005SqsrAAC,EXCLUSIVO REMOTO
21986,a0i6g000005SqYRAA0,POTENCIAL PF
21987,a0i6g000005SRI6AAO,ESTILO
21988,a0i6g000005SRibAAG,ESTILO
21989,a0i6g000005SRJbAAO,ESTILO
21990,a0i6g000005SRllAAG,VAREJO I
21991,a0i6g000005SRM6AAO,NAO CADASTRADA
21992,a0i6g000005Srm8AAC,VAREJO I
21993,a0i6g000005SRsIAAW,VAREJO I
21994,a0i6g000005SRWcAAO,NAO CADASTRADA
21995,a0i6g000005SSeHAAW,PERSONALIZADO
21996,a0i6g000005SSmhAAG,ESTILO
21997,a0i6g000005SSPmAAO,PRIVATE
21998,a0i6g000005SsqxAAC,ESTILO
21999,a0i6g000005St3dAAC,NAO CADASTRADA
22000,a0i6g000005ST6bAAG,NAO CADASTRADA
22001,a0i6g000005ST9GAAW,PERSONALIZADO
22002,a0i6g000005STdFAAW,GRUPO CTA MOV LIM
22003,a0i6g000005STG6AAO,ESTILO
22004,a0i6g000005StKLAA0,ESTILO
22005,a0i6g000005STkOAAW,POTENCIAL PF
22006,a0i6g000005SToAAAW,GRUPO CLIENTE PRODUT
22007,a0i6g000005StopAAC,NAO CADASTRADA
22008,a0i6g000005StTQAA0,ESTILO REMOTO
22009,a0i6g000005STvSAAW,EXCLUSIVO REMOTO
22010,a0i6g000005Stx2AAC,GRUPO POUP N CORRENT
22011,a0i6g000005STxFAAW,PRIVATE
22012,a0i6g000005Su7GAAS,EXCLUSIVO REMOTO
22013,a0i6g000005Su7RAAS,VAREJO II
22014,a0i6g000005RFwVAAW,NAO CADASTRADA
22015,a0i6g000005RGoDAAW,GRUPO INADIMPLENTES
22016,a0i6g000005RgV0AAK,NAO CADASTRADA
22017,a0i6g000005RHGzAAO,ESTILO
22018,a0i6g000005RHI3AAO,EXCLUSIVO REMOTO
22019,a0i6g000005RHzYAAW,PERSONALIZADO
22020,a0i6g000005RIe0AAG,NAO CADASTRADA
22021,a0i6g000005RJbEAAW,EX CLIENTES
22022,a0i6g000005RK5GAAW,POTENCIAL PF
22023,a0i6g000005RRLwAAO,EXCLUSIVO REMOTO
22024,a0i6g000005RX6eAAG,VAREJO I
22025,a0i6g000005SacRAAS,VAREJO I
22026,a0i6g000005SarLAAS,PERSONALIZADO
22027,a0i6g000005SavkAAC,VAREJO I
22028,a0i6g000005Sb3IAAS,VAREJO I
22029,a0i6g000005Sb52AAC,GRUPO REST CADASTRAL
22030,a0i6g000005SbLkAAK,EXCLUSIVO REMOTO
22031,a0i6g000005SbmzAAC,NAO CADASTRADA
22032,a0i6g000005SbnoAAC,GRUPO CLIENTE PRODUT
22033,a0i6g000005SbxAAAS,POTENCIAL PF
22034,a0i6g000005Sc0HAAS,NAO CADASTRADA
22035,a0i6g000005Sc0ZAAS,VAREJO I
22036,a0i6g000005ScBPAA0,GRUPO CLIENTE PRODUT
22037,a0i6g000005ScDfAAK,NAO CADASTRADA
22038,a0i6g000005ScG7AAK,NAO CADASTRADA
22039,a0i6g000005ScJBAA0,VAREJO I
22040,a0i6g000005SdgfAAC,POTENCIAL PF
22041,a0i6g000005SDocAAG,VAREJO I
22042,a0i6g000005SDwIAAW,NAO CADASTRADA
22043,a0i6g000005SejbAAC,VAREJO I
22044,a0i6g000005SeNwAAK,PERSONALIZADO
22045,a0i6g000005SewNAAS,GRUPO CLIENTE PRODUT
22046,a0i6g000005SFHDAA4,ESTILO REMOTO
22047,a0i6g000005SfkDAAS,PERSONALIZADO
22048,a0i6g000005Sg6HAAS,FALECIDOS COM OPER
22049,a0i6g000005SG7NAAW,VAREJO I
22050,a0i6g000005SgmKAAS,NAO CADASTRADA
22051,a0i6g000005SgNtAAK,GRUPO INADIMPLENTES
22052,a0i6g000005SgVFAA0,NAO CADASTRADA
22053,a0i6g000005SgYiAAK,RURAL ESTILO
22054,a0i6g000005SGZVAA4,ESTILO
22055,a0i6g000005ShagAAC,ESTILO REMOTO
22056,a0i6g000005SHGMAA4,GRUPO CLIENTE PRODUT
22057,a0i6g000005SHNjAAO,NAO CADASTRADA
22058,a0i6g000005Si5kAAC,NAO CADASTRADA
22059,a0i6g000005SI94AAG,POTENCIAL PF
22060,a0i6g000005SiSbAAK,ESTILO
22061,a0i6g000005SIZnAAO,NAO CADASTRADA
22062,a0i6g000005Sj4fAAC,NAO CADASTRADA
22063,a0i6g000005SjCnAAK,GRUPO POUP N CORRENT
22064,a0i6g000005SjERAA0,POTENCIAL PF
22065,a0i6g000005SJlDAAW,EXCLUSIVO REMOTO
22066,a0i6g000005SjOeAAK,EXCLUSIVO REMOTO
22067,a0i6g000005SjP9AAK,GRUPO POUP N CORRENT
22068,a0i6g000005SJQjAAO,VAREJO I
22069,a0i6g000005SJqZAAW,VAREJO I
22070,a0i6g000005SKBRAA4,POTENCIAL PF
22071,a0i6g000005SKCeAAO,POTENCIAL PF
22072,a0i6g000005SL0MAAW,RURAL ESTILO
22073,a0i6g000005SLdwAAG,NAO CADASTRADA
22074,a0i6g000005SlogAAC,VAREJO I
22075,a0i6g000005Slt3AAC,VAREJO II
22076,a0i6g000005SmgYAAS,EXCLUSIVO REMOTO
22077,a0i6g000005SMh4AAG,POTENCIAL PF
22078,a0i6g000005SMnaAAG,NAO CADASTRADA
22079,a0i6g000005SOBsAAO,VAREJO I
22080,a0i6g000005SOCjAAO,POTENCIAL PF
22081,a0i6g000005SOeyAAG,NAO CADASTRADA
22082,a0i6g000005SpK4AAK,ESTILO
22083,a0i6g000005SpkeAAC,VAREJO II
22084,a0i6g000005SpPvAAK,GRUPO POUP N CORRENT
22085,a0i6g000005SpqeAAC,PERSONALIZADO
22086,a0i6g000005SqbhAAC,VAREJO I
22087,a0i6g000005SQBSAA4,PERSONALIZADO
22088,a0i6g000005SqBxAAK,NAO CADASTRADA
22089,a0i6g000005SQc8AAG,EXCLUSIVO REMOTO
22090,a0i6g000005SqD8AAK,ESTILO
22091,a0i6g000005SqhcAAC,ESTILO REMOTO
22092,a0i6g000005SrD7AAK,ESTILO
22093,a0i6g000005SRexAAG,EXCLUSIVO REMOTO
22094,a0i6g000005SRkFAAW,NAO CADASTRADA
22095,a0i6g000005SrtlAAC,VAREJO I
22096,a0i6g000005SRWAAA4,POTENCIAL PF
22097,a0i6g000005SsDpAAK,GRUPO INADIMPLENTES
22098,a0i6g000005SSejAAG,ESTILO
22099,a0i6g000005SSg1AAG,EXCLUSIVO REMOTO
22100,a0i6g000005SSSpAAO,NAO CADASTRADA
22101,a0i6g000005SSykAAG,VAREJO I
22102,a0i6g000005St8cAAC,VAREJO I
22103,a0i6g000005STDOAA4,NAO CADASTRADA
22104,a0i6g000005SthsAAC,NAO CADASTRADA
22105,a0i6g000005StNkAAK,NAO CADASTRADA
22106,a0i6g000005StrmAAC,NAO CADASTRADA
22107,a0i6g000005Su6dAAC,EXCLUSIVO REMOTO
22108,a0i6g000005SU7bAAG,PROSPECCAO
22109,a0i6g000005Su7lAAC,GRUPO REST CADASTRAL
22110,a0i6g000005SUfdAAG,NAO CADASTRADA
22111,a0i6g000005RD13AAG,NAO CADASTRADA
22112,a0i6g000005RdafAAC,POTENCIAL PF
22113,a0i6g000005RelfAAC,POTENCIAL PF
22114,a0i6g000005RFH6AAO,POTENCIAL PF
22115,a0i6g000005RFLlAAO,POTENCIAL PF
22116,a0i6g000005RFPjAAO,NAO CADASTRADA
22117,a0i6g000005RFqqAAG,EXCLUSIVO REMOTO
22118,a0i6g000005RgeYAAS,NAO CADASTRADA
22119,a0i6g000005RH5MAAW,GRUPO POUP N CORRENT
22120,a0i6g000005RHpbAAG,NAO CADASTRADA
22121,a0i6g000005RHPYAA4,EXCLUSIVO REMOTO
22122,a0i6g000005RIeNAAW,POTENCIAL PF
22123,a0i6g000005RJiKAAW,NAO CADASTRADA
22124,a0i6g000005RJPkAAO,ESTILO
22125,a0i6g000005RkCsAAK,POTENCIAL PF
22126,a0i6g000005RKYZAA4,NAO CADASTRADA
22127,a0i6g000005RLG2AAO,EXCLUSIVO REMOTO
22128,a0i6g000005RLlwAAG,NAO CADASTRADA
22129,a0i6g000005RmI4AAK,NAO CADASTRADA
22130,a0i6g000005RSFKAA4,PERSONALIZADO
22131,a0i6g000005RVDrAAO,NAO CADASTRADA
22132,a0i6g000005RWtGAAW,POTENCIAL PF
22133,a0i6g000005RzDhAAK,NAO CADASTRADA
22134,a0i6g000005S22EAAS,EXCLUSIVO REMOTO
22135,a0i6g000005S5CWAA0,VAREJO II
22136,a0i6g000005Sab4AAC,POTENCIAL PF
22137,a0i6g000005SacDAAS,EXCLUSIVO REMOTO
22138,a0i6g000005SadYAAS,VAREJO I
22139,a0i6g000005SaEqAAK,EXCLUSIVO REMOTO
22140,a0i6g000005SakwAAC,POTENCIAL PF
22141,a0i6g000005SalWAAS,NAO CADASTRADA
22142,a0i6g000005Sb0XAAS,EXCLUSIVO REMOTO
22143,a0i6g000005SbHsAAK,EXCLUSIVO REMOTO
22144,a0i6g000005SbHWAA0,EXCLUSIVO REMOTO
22145,a0i6g000005SbJvAAK,RURAL ESTILO
22146,a0i6g000005Sc0cAAC,VAREJO I
22147,a0i6g000005Sc4gAAC,NAO CADASTRADA
22148,a0i6g000005Sc6nAAC,NAO CADASTRADA
22149,a0i6g000005ScEfAAK,POTENCIAL PF
22150,a0i6g000005SCgVAAW,PERSONALIZADO
22151,a0i6g000005Scj9AAC,EXCLUSIVO REMOTO
22152,a0i6g000005ScK9AAK,POTENCIAL PF
22153,a0i6g000005SCtIAAW,NAO CADASTRADA
22154,a0i6g000005SdgAAAS,NAO CADASTRADA
22155,a0i6g000005SdODAA0,PERSONALIZADO
22156,a0i6g000005SDpkAAG,VAREJO I
22157,a0i6g000005SdvEAAS,PERSONALIZADO
22158,a0i6g000005SDydAAG,EXCLUSIVO REMOTO
22159,a0i6g000005SE7gAAG,GRUPO JOVEM
22160,a0i6g000005SEapAAG,ESTILO
22161,a0i6g000005SEIAAA4,EXCLUSIVO REMOTO
22162,a0i6g000005SEInAAO,NAO CADASTRADA
22163,a0i6g000005SEIuAAO,NAO CADASTRADA
22164,a0i6g000005SEmWAAW,NAO CADASTRADA
22165,a0i6g000005SERAAA4,NAO CADASTRADA
22166,a0i6g000005SEsaAAG,POTENCIAL PF
22167,a0i6g000005SEw9AAG,EXCLUSIVO REMOTO
22168,a0i6g000005SewiAAC,PERSONALIZADO
22169,a0i6g000005SfJRAA0,PREFERENCIAL
22170,a0i6g000005SfKXAA0,ESTILO REMOTO
22171,a0i6g000005SFrrAAG,ESTILO
22172,a0i6g000005SFTyAAO,ESTILO REMOTO
22173,a0i6g000005SFYAAA4,NAO CADASTRADA
22174,a0i6g000005SG19AAG,NAO CADASTRADA
22175,a0i6g000005SgCDAA0,VAREJO I
22176,a0i6g000005SGg6AAG,GRUPO REST CADASTRAL
22177,a0i6g000005SgN4AAK,GRUPO POUP N CORRENT
22178,a0i6g000005SgsVAAS,GRUPO INADIMPLENTES
22179,a0i6g000005SGyzAAG,POTENCIAL PF
22180,a0i6g000005SH30AAG,NAO CADASTRADA
22181,a0i6g000005Sh4MAAS,VAREJO II
22182,a0i6g000005ShbhAAC,PERSONALIZADO
22183,a0i6g000005SHe8AAG,VAREJO I
22184,a0i6g000005SHgQAAW,PERSONALIZADO
22185,a0i6g000005SHIlAAO,VAREJO II
22186,a0i6g000005SHPjAAO,POTENCIAL PF
22187,a0i6g000005SHQvAAO,GRUPO OUTROS TIT
22188,a0i6g000005SHSWAA4,PERSONALIZADO
22189,a0i6g000005SHvoAAG,VAREJO I
22190,a0i6g000005ShwsAAC,EXCLUSIVO REMOTO
22191,a0i6g000005Si2uAAC,POTENCIAL PF
22192,a0i6g000005SID4AAO,ESTILO
22193,a0i6g000005SIoxAAG,VAREJO I
22194,a0i6g000005SITHAA4,PERSONALIZADO
22195,a0i6g000005SiUrAAK,NAO CADASTRADA
22196,a0i6g000005SiuVAAS,PERSONALIZADO
22197,a0i6g000005SiuWAAS,ESTILO
22198,a0i6g000005SJ66AAG,PERSONALIZADO
22199,a0i6g000005SjaiAAC,NAO CADASTRADA
22200,a0i6g000005SjClAAK,EXCLUSIVO REMOTO
22201,a0i6g000005SJmXAAW,ESTILO
22202,a0i6g000005SjNWAA0,NAO CADASTRADA
22203,a0i6g000005SjoXAAS,GRUPO OUTROS TIT
22204,a0i6g000005Sjv2AAC,NAO CADASTRADA
22205,a0i6g000005SkARAA0,UNIVERSITARIOS
22206,a0i6g000005Skl2AAC,EXCLUSIVO REMOTO
22207,a0i6g000005SknJAAS,ESTILO REMOTO
22208,a0i6g000005ScHCAA0,PERSONALIZADO
22209,a0i6g000005ScHvAAK,NAO CADASTRADA
22210,a0i6g000005SClzAAG,ESTILO
22211,a0i6g000005SCmAAAW,GRUPO REST CADASTRAL
22212,a0i6g000005SCmZAAW,NAO CADASTRADA
22213,a0i6g000005ScPsAAK,NAO CADASTRADA
22214,a0i6g000005SCuiAAG,VAREJO I
22215,a0i6g000005SDbtAAG,POTENCIAL PF
22216,a0i6g000005SdcLAAS,POTENCIAL PF
22217,a0i6g000005SdXRAA0,ESTILO
22218,a0i6g000005SE55AAG,NAO CADASTRADA
22219,a0i6g000005SEBcAAO,NAO CADASTRADA
22220,a0i6g000005SEglAAG,POTENCIAL PF
22221,a0i6g000005SeGzAAK,EXCLUSIVO REMOTO
22222,a0i6g000005SEmqAAG,NAO CADASTRADA
22223,a0i6g000005SEnwAAG,PERSONALIZADO
22224,a0i6g000005SErvAAG,POTENCIAL PF
22225,a0i6g000005Sf4qAAC,PERSONALIZADO
22226,a0i6g000005Sfd4AAC,VAREJO I
22227,a0i6g000005SFtyAAG,NAO CADASTRADA
22228,a0i6g000005SFZ5AAO,NAO CADASTRADA
22229,a0i6g000005SgI0AAK,POTENCIAL PF
22230,a0i6g000005SGJ3AAO,GRUPO CLIENTE PRODUT
22231,a0i6g000005SgY3AAK,VAREJO I
22232,a0i6g000005Shb2AAC,NAO CADASTRADA
22233,a0i6g000005SHBZAA4,POTENCIAL PF
22234,a0i6g000005SHIYAA4,POTENCIAL PF
22235,a0i6g000005SHoAAAW,POTENCIAL PF
22236,a0i6g000005ShOEAA0,PERSONALIZADO
22237,a0i6g000005ShsWAAS,NAO CADASTRADA
22238,a0i6g000005Si5zAAC,GRUPO CLIENTE PRODUT
22239,a0i6g000005SIsiAAG,ESTILO
22240,a0i6g000005SJC0AAO,ESTILO
22241,a0i6g000005SJjVAAW,ESTILO
22242,a0i6g000005SjkhAAC,NAO CADASTRADA
22243,a0i6g000005SjPqAAK,NAO CADASTRADA
22244,a0i6g000005SjWhAAK,POTENCIAL PF
22245,a0i6g000005SjyVAAS,NAO CADASTRADA
22246,a0i6g000005SKH1AAO,EXCLUSIVO REMOTO
22247,a0i6g000005SklzAAC,PERSONALIZADO
22248,a0i6g000005SL1KAAW,NAO CADASTRADA
22249,a0i6g000005Sl1WAAS,ESTILO
22250,a0i6g000005Sl4qAAC,ESTILO REMOTO
22251,a0i6g000005SLEeAAO,POTENCIAL PF
22252,a0i6g000005SLeqAAG,ESTILO
22253,a0i6g000005SlKiAAK,PERSONALIZADO
22254,a0i6g000005SlPTAA0,PROSPECCAO
22255,a0i6g000005SmNLAA0,PROSPECCAO
22256,a0i6g000005SmSfAAK,GRUPO INADIMPLENTES
22257,a0i6g000005Sn6sAAC,ESTILO
22258,a0i6g000005SNNGAA4,NAO CADASTRADA
22259,a0i6g000005SnwDAAS,GRUPO REST CADASTRAL
22260,a0i6g000005SP1gAAG,RURAL ESTILO
22261,a0i6g000005SpbWAAS,POTENCIAL PF
22262,a0i6g000005SpF3AAK,POTENCIAL PF
22263,a0i6g000005SPinAAG,EXCLUSIVO REMOTO
22264,a0i6g000005SpKHAA0,GRUPO INADIMPLENTES
22265,a0i6g000005SpnhAAC,EXCLUSIVO REMOTO
22266,a0i6g000005SPnNAAW,FALECIDOS COM OPER
22267,a0i6g000005SPziAAG,NAO CADASTRADA
22268,a0i6g000005SretAAC,NAO CADASTRADA
22269,a0i6g000005SRIoAAO,ESTILO
22270,a0i6g000005SrN7AAK,PERSONALIZADO
22271,a0i6g000005Srq7AAC,NAO CADASTRADA
22272,a0i6g000005SRUpAAO,NAO CADASTRADA
22273,a0i6g000005SRvbAAG,VAREJO II
22274,a0i6g000005SsCrAAK,ESTILO
22275,a0i6g000005SsdQAAS,NAO CADASTRADA
22276,a0i6g000005SSEnAAO,POTENCIAL PF
22277,a0i6g000005SsPAAA0,POTENCIAL PF
22278,a0i6g000005SsTqAAK,NAO CADASTRADA
22279,a0i6g000005SsvIAAS,NAO CADASTRADA
22280,a0i6g000005SsyRAAS,GRUPO INADIMPLENTES
22281,a0i6g000005StDAAA0,EXCLUSIVO REMOTO
22282,a0i6g000005StMGAA0,EXCLUSIVO REMOTO
22283,a0i6g000005STPrAAO,PERSONALIZADO
22284,a0i6g000005StrZAAS,PERSONALIZADO
22285,a0i6g000005StvcAAC,VAREJO I
22286,a0i6g000005StViAAK,ESTILO
22287,a0i6g000005Su16AAC,POTENCIAL PF
22288,a0i6g000005SU35AAG,EXCLUSIVO REMOTO
22289,a0i6g000005SU7bAAG,PREFERENCIAL
22290,a0i6g000005SUBUAA4,NAO CADASTRADA
22291,a0i6g000005SUBYAA4,NAO CADASTRADA
22292,a0i6g000005SuD7AAK,FALECIDOS COM OPER
22293,a0i6g000005SuLoAAK,EXCLUSIVO REMOTO
22294,a0i6g000005SULTAA4,NAO CADASTRADA
22295,a0i6g000005SuLVAA0,PERSONALIZADO
22296,a0i6g000005SuVUAA0,ESTILO
22297,a0i6g000005SV2RAAW,NAO CADASTRADA
22298,a0i6g000005Sve6AAC,EXCLUSIVO REMOTO
22299,a0i6g000005SvGkAAK,VAREJO II
22300,a0i6g000005SVhLAAW,NAO CADASTRADA
22301,a0i6g000005SVLTAA4,VAREJO I
22302,a0i6g000005SVOzAAO,ESTILO
22303,a0i6g000005SvQhAAK,EXCLUSIVO REMOTO
22304,a0i6g000005SvSZAA0,NAO CADASTRADA
22305,a0i6g000005SvX2AAK,GRUPO REST CADASTRAL
22306,a0i6g000005SULAAA4,EXCLUSIVO REMOTO
22307,a0i6g000005SUmMAAW,GRUPO REST CADASTRAL
22308,a0i6g000005SV37AAG,NAO CADASTRADA
22309,a0i6g000005SVatAAG,NAO CADASTRADA
22310,a0i6g000005SVflAAG,POTENCIAL PF
22311,a0i6g000005SvG5AAK,EXCLUSIVO REMOTO
22312,a0i6g000005SwddAAC,NAO CADASTRADA
22313,a0i6g000005SWHiAAO,RURAL ESTILO
22314,a0i6g000005SwNRAA0,GRUPO POUP N CORRENT
22315,a0i6g000005SwPwAAK,ESTILO
22316,a0i6g000005SwRWAA0,EXCLUSIVO REMOTO
22317,a0i6g000005SWxcAAG,GRUPO POUP N CORRENT
22318,a0i6g000005SX8EAAW,NAO CADASTRADA
22319,a0i6g000005SXhfAAG,NAO CADASTRADA
22320,a0i6g000005SXhYAAW,ESTILO
22321,a0i6g000005SXIHAA4,POTENCIAL PF
22322,a0i6g000005SxJrAAK,NAO CADASTRADA
22323,a0i6g000005SXppAAG,ESTILO
22324,a0i6g000005SxRBAA0,EXCLUSIVO REMOTO
22325,a0i6g000005SXrOAAW,VAREJO I
22326,a0i6g000005SXs6AAG,PERSONALIZADO
22327,a0i6g000005SxTEAA0,GRUPO REST CADASTRAL
22328,a0i6g000005SxVSAA0,NAO CADASTRADA
22329,a0i6g000005SxwRAAS,PERSONALIZADO
22330,a0i6g000005SXXEAA4,EXCLUSIVO REMOTO
22331,a0i6g000005SXZ4AAO,VAREJO I
22332,a0i6g000005SXZpAAO,EXCLUSIVO REMOTO
22333,a0i6g000005Sy4sAAC,NAO CADASTRADA
22334,a0i6g000005SY81AAG,NAO CADASTRADA
22335,a0i6g000005SY8wAAG,GRUPO CLIENTE PRODUT
22336,a0i6g000005SYJ6AAO,VAREJO II
22337,a0i6g000005SYM1AAO,POTENCIAL PF
22338,a0i6g000005SYmgAAG,VAREJO I
22339,a0i6g000005SYMjAAO,GRUPO POUP N CORRENT
22340,a0i6g000005SyO6AAK,PERSONALIZADO
22341,a0i6g000005SZ8PAAW,GRUPO INADIMPLENTES
22342,a0i6g000005SZA7AAO,NAO CADASTRADA
22343,a0i6g000005SZgTAAW,PERSONALIZADO
22344,a0i6g000005SZHbAAO,VAREJO I
22345,a0i6g000005T0JFAA0,VAREJO I
22346,a0i6g000005T15RAAS,NAO CADASTRADA
22347,a0i6g000005T1EeAAK,NAO CADASTRADA
22348,a0i6g000005T1EUAA0,GRUPO POUP N CORRENT
22349,a0i6g000005T1WBAA0,NAO CADASTRADA
22350,a0i6g000005T2cgAAC,NAO CADASTRADA
22351,a0i6g000005T34lAAC,VAREJO I
22352,a0i6g000005T3CmAAK,PERSONALIZADO
22353,a0i6g000005T3lQAAS,VAREJO I
22354,a0i6g000005T3OKAA0,NAO CADASTRADA
22355,a0i6g000005T4h7AAC,POTENCIAL PF
22356,a0i6g000005T4OgAAK,POTENCIAL PF
22357,a0i6g000005TE9UAAW,NAO CADASTRADA
22358,a0i6g000005TFVTAA4,NAO CADASTRADA
22359,a0i6g000005TFwUAAW,EXCLUSIVO
22360,a0i6g000005TmPlAAK,GRUPO REST CADASTRAL
22361,a0i6g000005TpncAAC,UNIVERSITARIOS
22362,a0i6g000005Tr23AAC,POTENCIAL PF
22363,a0i6g000005TSH9AAO,GRUPO REST CADASTRAL
22364,a0i6g000005TT49AAG,VAREJO II
22365,a0i6g000005TZ4RAAW,EXCLUSIVO REMOTO
22366,a0i6g000006a3idAAA,POTENCIAL PF
22367,a0i6g000006a9AAAAY,NAO CADASTRADA
22368,a0i6g000006aB1DAAU,VAREJO II
22369,a0i6g000006ac1MAAQ,NAO CADASTRADA
22370,a0i6g000006aC2GAAU,POTENCIAL PF
22371,a0i6g000006adW6AAI,GRUPO POUP N CORRENT
22372,a0i6g000006adXvAAI,VAREJO II
22373,a0i6g000006aEA1AAM,NAO CADASTRADA
22374,a0i6g000006afNZAAY,NAO CADASTRADA
22375,a0i6g000006aftlAAA,GRUPO POUP N CORRENT
22376,a0i6g000006aG5mAAE,NAO CADASTRADA
22377,a0i6g000006agaNAAQ,ESTILO
22378,a0i6g000006agYHAAY,VAREJO II
22379,a0i6g000006ahyMAAQ,POTENCIAL PF
22380,a0i6g000006aJvUAAU,NAO CADASTRADA
22381,a0i6g000006ak7ZAAQ,EX CLIENTES
22382,a0i6g000006aLdkAAE,GRUPO POUP N CORRENT
22383,a0i6g000006aljhAAA,VAREJO II
22384,a0i6g000006alwJAAQ,VAREJO I
22385,a0i6g000006aMcNAAU,VAREJO I
22386,a0i6g000006amCNAAY,GRUPO INADIMPLENTES
22387,a0i6g000006an3TAAQ,NAO CADASTRADA
22388,a0i6g000006anv8AAA,NAO CADASTRADA
22389,a0i6g000006anYHAAY,GRUPO CTA MOV LIM
22390,a0i6g000006aqv3AAA,NAO CADASTRADA
22391,a0i6g000006aqwtAAA,GRUPO CTA MOV LIM
22392,a0i6g000006aRlwAAE,VAREJO II
22393,a0i6g000006arsaAAA,UNIVERSITARIOS
22394,a0i6g000006as0IAAQ,POTENCIAL PF
22395,a0i6g000006axhqAAA,UNIVERSITARIOS
22396,a0i6g000006axwJAAQ,NAO CADASTRADA
22397,a0i6g000006aXypAAE,NAO CADASTRADA
22398,a0i6g000006aYsEAAU,NAO CADASTRADA
22399,a0i6g000006aYULAA2,GRUPO CLIENTE PRODUT
22400,a0i6g000006azwmAAA,VAREJO II
22401,a0i6g000006azxPAAQ,EXCLUSIVO REMOTO
22402,a0i6g000005SUGsAAO,VAREJO I
22403,a0i6g000005SuJcAAK,NAO CADASTRADA
22404,a0i6g000005SuVQAA0,PERSONALIZADO
22405,a0i6g000005SUyLAAW,NAO CADASTRADA
22406,a0i6g000005Sv5wAAC,GRUPO INADIMPLENTES
22407,a0i6g000005SV9zAAG,NAO CADASTRADA
22408,a0i6g000005Sva8AAC,NAO CADASTRADA
22409,a0i6g000005SvaTAAS,FALECIDOS COM OPER
22410,a0i6g000005SVIBAA4,NAO CADASTRADA
22411,a0i6g000005SVlcAAG,EXCLUSIVO REMOTO
22412,a0i6g000005SVlKAAW,GRUPO INADIMPLENTES
22413,a0i6g000005SvUKAA0,NAO CADASTRADA
22414,a0i6g000005SvZJAA0,NAO CADASTRADA
22415,a0i6g000005SWelAAG,NAO CADASTRADA
22416,a0i6g000005SWemAAG,VAREJO I
22417,a0i6g000005SwMDAA0,GRUPO CTA MOV LIM
22418,a0i6g000005SwrVAAS,VAREJO I
22419,a0i6g000005SwseAAC,ESTILO
22420,a0i6g000005SwSpAAK,NAO CADASTRADA
22421,a0i6g000005SWXGAA4,EXCLUSIVO REMOTO
22422,a0i6g000005SwXPAA0,EXCLUSIVO REMOTO
22423,a0i6g000005SXB1AAO,NAO CADASTRADA
22424,a0i6g000005SXhDAAW,POTENCIAL PF
22425,a0i6g000005SXqKAAW,GRUPO CTA MOV LIM
22426,a0i6g000005SXT6AAO,NAO CADASTRADA
22427,a0i6g000005SXtKAAW,GRUPO POUP N CORRENT
22428,a0i6g000005SxwpAAC,ESTILO
22429,a0i6g000005SXXJAA4,EXCLUSIVO REMOTO
22430,a0i6g000005SY9bAAG,VAREJO I
22431,a0i6g000005SYA9AAO,VAREJO I
22432,a0i6g000005SYLOAA4,PERSONALIZADO
22433,a0i6g000005SynXAAS,NAO CADASTRADA
22434,a0i6g000005SYRxAAO,PRIVATE SUPERIOR
22435,a0i6g000005SYtwAAG,POTENCIAL PF
22436,a0i6g000005SZaVAAW,NAO CADASTRADA
22437,a0i6g000005SZjWAAW,VAREJO I
22438,a0i6g000005SZKfAAO,EXCLUSIVO REMOTO
22439,a0i6g000005SZlVAAW,POTENCIAL PF
22440,a0i6g000005SZXdAAO,EXCLUSIVO REMOTO
22441,a0i6g000005T0NoAAK,NAO CADASTRADA
22442,a0i6g000005T0T1AAK,NAO CADASTRADA
22443,a0i6g000005T2LDAA0,ESTILO
22444,a0i6g000005T2YVAA0,PERSONALIZADO
22445,a0i6g000005T32xAAC,GRUPO REST CADASTRAL
22446,a0i6g000005T3fsAAC,GRUPO INADIMPLENTES
22447,a0i6g000005T3sIAAS,NAO CADASTRADA
22448,a0i6g000005T4hFAAS,GRUPO REST CADASTRAL
22449,a0i6g000005T5s0AAC,NAO CADASTRADA
22450,a0i6g000005T5wxAAC,POTENCIAL PF
22451,a0i6g000005T6J1AAK,VAREJO II
22452,a0i6g000005T8tlAAC,NAO CADASTRADA
22453,a0i6g000005TFwUAAW,GRUPO REST CADASTRAL
22454,a0i6g000005THifAAG,VAREJO I
22455,a0i6g000005TSjfAAG,VAREJO I
22456,a0i6g000005TTxIAAW,PERSONALIZADO
22457,a0i6g000005TVeyAAG,NAO CADASTRADA
22458,a0i6g000006a6HQAAY,GRUPO CLIENTE PRODUT
22459,a0i6g000006a9BTAAY,VAREJO II
22460,a0i6g000006aC1aAAE,VAREJO II
22461,a0i6g000006aDgDAAU,GRUPO POUP N CORRENT
22462,a0i6g000006aDi7AAE,GRUPO REST CADASTRAL
22463,a0i6g000006agFvAAI,GRUPO CTA MOV LIM
22464,a0i6g000006agI7AAI,VAREJO II
22465,a0i6g000006aieiAAA,VAREJO I
22466,a0i6g000006aiZLAAY,GRUPO INADIMPLENTES
22467,a0i6g000006aiZOAAY,POTENCIAL PF
22468,a0i6g000006ak8WAAQ,VAREJO II
22469,a0i6g000006aLeqAAE,GRUPO CLIENTE PRODUT
22470,a0i6g000006aljkAAA,NAO CADASTRADA
22471,a0i6g000006amTKAAY,GRUPO POUP N CORRENT
22472,a0i6g000006an2qAAA,GRUPO REST CADASTRAL
22473,a0i6g000006aqrgAAA,VAREJO II
22474,a0i6g000006as2CAAQ,NAO CADASTRADA
22475,a0i6g000006aSJtAAM,GRUPO CLIENTE PRODUT
22476,a0i6g000006aSXeAAM,GRUPO REST CADASTRAL
22477,a0i6g000006avsPAAQ,NAO CADASTRADA
22478,a0i6g000006avUCAAY,NAO CADASTRADA
22479,a0i6g000006awdMAAQ,VAREJO I
22480,a0i6g000006awdPAAQ,VAREJO I
22481,a0i6g000006awEvAAI,GRUPO INADIMPLENTES
22482,a0i6g000006aWppAAE,UNIVERSITARIOS
22483,a0i6g000006aWqoAAE,VAREJO II
22484,a0i6g000006axh3AAA,VAREJO II
22485,a0i6g000006aYBfAAM,VAREJO II
22486,a0i6g000006aYBkAAM,NAO CADASTRADA
22487,a0i6g000006aYROAA2,POTENCIAL PF
22488,a0i6g000006aYVEAA2,VAREJO I
22489,a0i6g000006b1DYAAY,VAREJO I
22490,a0i6g000006b1i8AAA,UNIVERSITARIOS
22491,a0i6g000006b1jZAAQ,VAREJO II
22492,a0i6g000006b2cgAAA,GRUPO REST CADASTRAL
22493,a0i6g000006b80NAAQ,RURAL ESTILO
22494,a0i6g000006b8bJAAQ,VAREJO II
22495,a0i6g000006b8bKAAQ,ESTILO
22496,a0i6g000006b8L0AAI,POTENCIAL PF
22497,a0i6g000006bATEAA2,VAREJO I
22498,a0i6g000005SkOBAA0,EXCLUSIVO REMOTO
22499,a0i6g000005SkQoAAK,VAREJO I
22500,a0i6g000005SKumAAG,POTENCIAL PF
22501,a0i6g000005SLD1AAO,EXCLUSIVO
22502,a0i6g000005SLEqAAO,VAREJO I
22503,a0i6g000005SlqiAAC,GRUPO REST CADASTRAL
22504,a0i6g000005SlWKAA0,PERSONALIZADO
22505,a0i6g000005SmCAAA0,EXCLUSIVO REMOTO
22506,a0i6g000005SMVOAA4,GRUPO REST CADASTRAL
22507,a0i6g000005SmZGAA0,VAREJO I
22508,a0i6g000005SMZHAA4,VAREJO I
22509,a0i6g000005So0aAAC,POTENCIAL PF
22510,a0i6g000005SOBPAA4,PERSONALIZADO
22511,a0i6g000005SoifAAC,VAREJO I
22512,a0i6g000005SOvLAAW,PERSONALIZADO
22513,a0i6g000005Sp5SAAS,VAREJO I
22514,a0i6g000005SP79AAG,VAREJO II
22515,a0i6g000005SpBTAA0,VAREJO I
22516,a0i6g000005SPmiAAG,VAREJO I
22517,a0i6g000005SPtEAAW,GRUPO INADIMPLENTES
22518,a0i6g000005SpZxAAK,NAO CADASTRADA
22519,a0i6g000005Sq1hAAC,VAREJO I
22520,a0i6g000005SQ7yAAG,GRUPO REST CADASTRAL
22521,a0i6g000005SQM5AAO,PERSONALIZADO
22522,a0i6g000005SqnXAAS,EXCLUSIVO REMOTO
22523,a0i6g000005SQYrAAO,ESTILO
22524,a0i6g000005Sr7aAAC,ESTILO REMOTO
22525,a0i6g000005SrBRAA0,GRUPO OUTROS TIT
22526,a0i6g000005SrcDAAS,NAO CADASTRADA
22527,a0i6g000005SRiIAAW,EXCLUSIVO REMOTO
22528,a0i6g000005SrJ8AAK,VAREJO I
22529,a0i6g000005SrWLAA0,GRUPO REST CADASTRAL
22530,a0i6g000005SrYQAA0,EXCLUSIVO REMOTO
22531,a0i6g000005SS06AAG,NAO CADASTRADA
22532,a0i6g000005SS2JAAW,NAO CADASTRADA
22533,a0i6g000005SSERAA4,VAREJO I
22534,a0i6g000005SSGYAA4,EXCLUSIVO REMOTO
22535,a0i6g000005SslCAAS,VAREJO I
22536,a0i6g000005SsncAAC,POTENCIAL PF
22537,a0i6g000005SsNYAA0,PERSONALIZADO
22538,a0i6g000005SSOaAAO,GRUPO POUP N CORRENT
22539,a0i6g000005SsPPAA0,NAO CADASTRADA
22540,a0i6g000005SSpzAAG,VAREJO I
22541,a0i6g000005SSSFAA4,NAO CADASTRADA
22542,a0i6g000005STaFAAW,VAREJO II
22543,a0i6g000005STjCAAW,ESTILO
22544,a0i6g000005Stk2AAC,PERSONALIZADO
22545,a0i6g000005STPwAAO,PERSONALIZADO
22546,a0i6g000005STTlAAO,PERSONALIZADO
22547,a0i6g000005Su7fAAC,PERSONALIZADO
22548,a0i6g000005SUcKAAW,NAO CADASTRADA
22549,a0i6g000005SUGkAAO,VAREJO I
22550,a0i6g000005SuJDAA0,EXCLUSIVO REMOTO
22551,a0i6g000005SumlAAC,EXCLUSIVO REMOTO
22552,a0i6g000005SUNLAA4,POTENCIAL PF
22553,a0i6g000005SV3uAAG,GRUPO REST CADASTRAL
22554,a0i6g000005SvGnAAK,GRUPO POUP N CORRENT
22555,a0i6g000005SvnnAAC,NAO CADASTRADA
22556,a0i6g000005SVr0AAG,NAO CADASTRADA
22557,a0i6g000005SVrLAAW,NAO CADASTRADA
22558,a0i6g000005SvSTAA0,POTENCIAL PF
22559,a0i6g000005SW6xAAG,NAO CADASTRADA
22560,a0i6g000005SwBUAA0,VAREJO I
22561,a0i6g000005SWfiAAG,NAO CADASTRADA
22562,a0i6g000005SWhiAAG,NAO CADASTRADA
22563,a0i6g000005SWiDAAW,PERSONALIZADO
22564,a0i6g000005SwprAAC,POTENCIAL PF
22565,a0i6g000005SwqJAAS,EXCLUSIVO REMOTO
22566,a0i6g000005SWSzAAO,VAREJO I
22567,a0i6g000005SWX1AAO,NAO CADASTRADA
22568,a0i6g000005SwzIAAS,POTENCIAL PF
22569,a0i6g000005Sx1IAAS,NAO CADASTRADA
22570,a0i6g000005SX2NAAW,EXCLUSIVO REMOTO
22571,a0i6g000005SX4WAAW,GRUPO POUP N CORRENT
22572,a0i6g000005SxbaAAC,POTENCIAL PF
22573,a0i6g000005SxBLAA0,EXCLUSIVO REMOTO
22574,a0i6g000005SXcsAAG,EXCLUSIVO REMOTO
22575,a0i6g000005SXd5AAG,NAO CADASTRADA
22576,a0i6g000005SXdMAAW,POTENCIAL PF
22577,a0i6g000005SXF4AAO,EXCLUSIVO REMOTO
22578,a0i6g000005SXKaAAO,NAO CADASTRADA
22579,a0i6g000005SxKXAA0,VAREJO I
22580,a0i6g000005Sxm7AAC,POTENCIAL PF
22581,a0i6g000005SXoWAAW,NAO CADASTRADA
22582,a0i6g000005SXqxAAG,NAO CADASTRADA
22583,a0i6g000005SXU3AAO,POTENCIAL PF
22584,a0i6g000005SXzIAAW,GRUPO POUP N CORRENT
22585,a0i6g000005SYEUAA4,POTENCIAL PF
22586,a0i6g000005SYK6AAO,ESTILO
22587,a0i6g000005SynlAAC,NAO CADASTRADA
22588,a0i6g000005SYrvAAG,EXCLUSIVO REMOTO
22589,a0i6g000005SZ8FAAW,POTENCIAL PF
22590,a0i6g000005SZK0AAO,NAO CADASTRADA
22591,a0i6g000005SzkLAAS,VAREJO I
22592,a0i6g000005SZmHAAW,NAO CADASTRADA
22593,a0i6g000005SzRKAA0,NAO CADASTRADA
22594,a0i6g000005SZSuAAO,EXCLUSIVO REMOTO
22595,a0i6g000005Sw4HAAS,NAO CADASTRADA
22596,a0i6g000005Sw5IAAS,POTENCIAL PF
22597,a0i6g000005SW5oAAG,VAREJO I
22598,a0i6g000005Sw7PAAS,PERSONALIZADO
22599,a0i6g000005SWBQAA4,PERSONALIZADO
22600,a0i6g000005SwdrAAC,POTENCIAL PF
22601,a0i6g000005SwvaAAC,POTENCIAL PF
22602,a0i6g000005SwzoAAC,VAREJO I
22603,a0i6g000005SXbJAAW,NAO CADASTRADA
22604,a0i6g000005SXbsAAG,EXCLUSIVO REMOTO
22605,a0i6g000005SXdcAAG,NAO CADASTRADA
22606,a0i6g000005SXDjAAO,EXCLUSIVO REMOTO
22607,a0i6g000005SXKqAAO,POTENCIAL PF
22608,a0i6g000005SXlGAAW,EXCLUSIVO REMOTO
22609,a0i6g000005SxRvAAK,GRUPO REST CADASTRAL
22610,a0i6g000005SXzDAAW,ESTILO
22611,a0i6g000005SY8tAAG,NAO CADASTRADA
22612,a0i6g000005SYb9AAG,VAREJO I
22613,a0i6g000005SyD7AAK,NAO CADASTRADA
22614,a0i6g000005SYEeAAO,ESTILO
22615,a0i6g000005SYg2AAG,EXCLUSIVO REMOTO
22616,a0i6g000005SYLTAA4,EXCLUSIVO REMOTO
22617,a0i6g000005SYN3AAO,NAO CADASTRADA
22618,a0i6g000005SYp4AAG,NAO CADASTRADA
22619,a0i6g000005Sz07AAC,NAO CADASTRADA
22620,a0i6g000005SzEFAA0,NAO CADASTRADA
22621,a0i6g000005SzzPAAS,RURAL ESTILO
22622,a0i6g000005T0qxAAC,POTENCIAL PF
22623,a0i6g000005T0wjAAC,ESTILO
22624,a0i6g000005T1orAAC,VAREJO I
22625,a0i6g000005T211AAC,VAREJO I
22626,a0i6g000005T2ESAA0,EXCLUSIVO REMOTO
22627,a0i6g000005T2tuAAC,NAO CADASTRADA
22628,a0i6g000005T2XaAAK,POTENCIAL PF
22629,a0i6g000005T4AoAAK,UNIVERSITARIOS
22630,a0i6g000005T4gqAAC,PRIVATE
22631,a0i6g000005T4M0AAK,NAO CADASTRADA
22632,a0i6g000005T4Z8AAK,EXCLUSIVO REMOTO
22633,a0i6g000005T5jDAAS,POTENCIAL PF
22634,a0i6g000005T5OwAAK,EXCLUSIVO REMOTO
22635,a0i6g000005T5YOAA0,NAO CADASTRADA
22636,a0i6g000005TdADAA0,PERSONALIZADO
22637,a0i6g000005TdBbAAK,GRUPO REST CADASTRAL
22638,a0i6g000005TIG4AAO,VAREJO I
22639,a0i6g000005TjG9AAK,PERSONALIZADO
22640,a0i6g000005To7lAAC,POTENCIAL PF
22641,a0i6g000005TPCyAAO,EXCLUSIVO REMOTO
22642,a0i6g000005TTfMAAW,VAREJO II
22643,a0i6g000005TVkPAAW,VAREJO I
22644,a0i6g000006a3z6AAA,VAREJO I
22645,a0i6g000006a6XIAAY,NAO CADASTRADA
22646,a0i6g000006a8Q0AAI,VAREJO II
22647,a0i6g000006a9CZAAY,NAO CADASTRADA
22648,a0i6g000006a9fXAAQ,PERSONALIZADO
22649,a0i6g000006aBo9AAE,NAO CADASTRADA
22650,a0i6g000006aC2hAAE,NAO CADASTRADA
22651,a0i6g000006aDhuAAE,NAO CADASTRADA
22652,a0i6g000006aF5eAAE,NAO CADASTRADA
22653,a0i6g000006aF63AAE,VAREJO II
22654,a0i6g000006aftRAAQ,VAREJO I
22655,a0i6g000006ag24AAA,GRUPO REST CADASTRAL
22656,a0i6g000006agGsAAI,VAREJO II
22657,a0i6g000006agHdAAI,VAREJO I
22658,a0i6g000006agsjAAA,VAREJO II
22659,a0i6g000006aGt6AAE,VAREJO II
22660,a0i6g000006agY9AAI,VAREJO II
22661,a0i6g000006ahySAAQ,GRUPO CTA MOV LIM
22662,a0i6g000006aidmAAA,NAO CADASTRADA
22663,a0i6g000006aMbwAAE,NAO CADASTRADA
22664,a0i6g000006amrVAAQ,VAREJO I
22665,a0i6g000006anVhAAI,NAO CADASTRADA
22666,a0i6g000006aoSXAAY,NAO CADASTRADA
22667,a0i6g000006apsTAAQ,NAO CADASTRADA
22668,a0i6g000006aq71AAA,POTENCIAL PF
22669,a0i6g000006aqLGAAY,GRUPO POUP N CORRENT
22670,a0i6g000006as0tAAA,GRUPO CTA MOV LIM
22671,a0i6g000006as13AAA,NAO CADASTRADA
22672,a0i6g000006aSAVAA2,VAREJO I
22673,a0i6g000006aUmlAAE,PERSONALIZADO
22674,a0i6g000006aunUAAQ,VAREJO I
22675,a0i6g000006aunWAAQ,UNIVERSITARIOS
22676,a0i6g000006aVH3AAM,VAREJO II
22677,a0i6g000006axh7AAA,VAREJO I
22678,a0i6g000006axMfAAI,GRUPO CTA MOV LIM
22679,a0i6g000006axuvAAA,VAREJO II
22680,a0i6g000006aY1CAAU,VAREJO II
22681,a0i6g000006aYsMAAU,VAREJO I
22682,a0i6g000006aZdpAAE,NAO CADASTRADA
22683,a0i6g000006aZe6AAE,VAREJO I
22684,a0i6g000006aZfzAAE,GRUPO REST CADASTRAL
22685,a0i6g000006b1j3AAA,UNIVERSITARIOS
22686,a0i6g000006b1yeAAA,VAREJO II
22687,a0i6g000006b2c7AAA,VAREJO I
22688,a0i6g000006b3xxAAA,VAREJO I
22689,a0i6g000006b5zgAAA,VAREJO II
22690,a0i6g000006b61tAAA,VAREJO II
22691,a0i6g000006b80XAAQ,POTENCIAL PF
22692,a0i6g000006b8atAAA,GRUPO REST CADASTRAL
22693,a0i6g000006b8aWAAQ,POTENCIAL PF
22694,a0i6g000006b1i1AAA,VAREJO II
22695,a0i6g000006b1j1AAA,VAREJO II
22696,a0i6g000006b1xDAAQ,GRUPO CTA MOV LIM
22697,a0i6g000006b1xvAAA,NAO CADASTRADA
22698,a0i6g000006b2axAAA,GRUPO INADIMPLENTES
22699,a0i6g000006b44wAAA,GRUPO REST CADASTRAL
22700,a0i6g000006b5oiAAA,GRUPO INADIMPLENTES
22701,a0i6g000006b7mBAAQ,VAREJO I
22702,a0i6g000006b8cNAAQ,POTENCIAL PF
22703,a0i6g000006b8IvAAI,GRUPO INADIMPLENTES
22704,a0i6g000006b8WGAAY,GRUPO REST CADASTRAL
22705,a0i6g000006bb2NAAQ,GRUPO CTA MOV LIM
22706,a0i6g000006bb2zAAA,NAO CADASTRADA
22707,a0i6g000006bCdyAAE,GRUPO INADIMPLENTES
22708,a0i6g000006bdb5AAA,GRUPO INADIMPLENTES
22709,a0i6g000006bf16AAA,VAREJO II
22710,a0i6g000006bf3pAAA,NAO CADASTRADA
22711,a0i6g000006bFAlAAM,POTENCIAL PF
22712,a0i6g000006bfMGAAY,NAO CADASTRADA
22713,a0i6g000006bFwoAAE,NAO CADASTRADA
22714,a0i6g000006bhuFAAQ,GRUPO CTA MOV LIM
22715,a0i6g000006bjgmAAA,GRUPO INADIMPLENTES
22716,a0i6g000006bK0PAAU,GRUPO REST CADASTRAL
22717,a0i6g000006bkd8AAA,GRUPO INADIMPLENTES
22718,a0i6g000006bLb6AAE,POTENCIAL PF
22719,a0i6g000006bLHSAA2,NAO CADASTRADA
22720,a0i6g000006blIPAAY,NAO CADASTRADA
22721,a0i6g000006bLQ1AAM,VAREJO I
22722,a0i6g000006bLQ9AAM,GRUPO REST CADASTRAL
22723,a0i6g000006bLYSAA2,GRUPO INADIMPLENTES
22724,a0i6g000006bMBHAA2,NAO CADASTRADA
22725,a0i6g000006bna7AAA,GRUPO INADIMPLENTES
22726,a0i6g000006bnqtAAA,POTENCIAL PF
22727,a0i6g000006boUtAAI,GRUPO POUP N CORRENT
22728,a0i6g000006bPt3AAE,VAREJO I
22729,a0i6g000006bQc6AAE,GRUPO REST CADASTRAL
22730,a0i6g000006bRKNAA2,NAO CADASTRADA
22731,a0i6g000006bRLvAAM,VAREJO II
22732,a0i6g000006bSICAA2,NAO CADASTRADA
22733,a0i6g000006bt7KAAQ,ESTILO
22734,a0i6g000006btgrAAA,GRUPO POUP N CORRENT
22735,a0i6g000006bTUXAA2,GRUPO REST CADASTRAL
22736,a0i6g000006bVbGAAU,NAO CADASTRADA
22737,a0i6g000006bvcGAAQ,NAO CADASTRADA
22738,a0i6g000006bVCYAA2,POTENCIAL PF
22739,a0i6g000006bvdmAAA,GRUPO REST CADASTRAL
22740,a0i6g000006bveXAAQ,GRUPO REST CADASTRAL
22741,a0i6g000006bVphAAE,NAO CADASTRADA
22742,a0i6g000006bw25AAA,GRUPO CTA MOV LIM
22743,a0i6g000006bXTxAAM,NAO CADASTRADA
22744,a0i6g000006bXXfAAM,VAREJO II
22745,a0i6g000006bXZoAAM,GRUPO REST CADASTRAL
22746,a0i6g000006bYPDAA2,EXCLUSIVO REMOTO
22747,a0i6g000006bZskAAE,GRUPO POUP N CORRENT
22748,a0i6g000006bZsqAAE,VAREJO II
22749,a0i6g000006bzTxAAI,VAREJO II
22750,a0i6g000006c27vAAA,NAO CADASTRADA
22751,a0i6g000006c2EFAAY,VAREJO I
22752,a0i6g000006c2Y7AAI,EXCLUSIVO REMOTO
22753,a0i6g000006c3S4AAI,VAREJO I
22754,a0i6g000006c72cAAA,NAO CADASTRADA
22755,a0i6g000006c8kkAAA,GRUPO REST CADASTRAL
22756,a0i6g000006c9m5AAA,GRUPO CLIENTE PRODUT
22757,a0i6g000006c9N4AAI,NAO CADASTRADA
22758,a0i6g000006cAKeAAM,NAO CADASTRADA
22759,a0i6g000006cBnmAAE,VAREJO II
22760,a0i6g000006ccwrAAA,ESTILO
22761,a0i6g000006cEcBAAU,VAREJO II
22762,a0i6g000006cemIAAQ,NAO CADASTRADA
22763,a0i6g000006cemPAAQ,GRUPO REST CADASTRAL
22764,a0i6g000006cHUzAAM,VAREJO I
22765,a0i6g000006cHV6AAM,GRUPO JOVEM
22766,a0i6g000006ciI0AAI,VAREJO II
22767,a0i6g000006cKAjAAM,VAREJO II
22768,a0i6g000006cKB4AAM,VAREJO I
22769,a0i6g000006cKwuAAE,GRUPO REST CADASTRAL
22770,a0i6g000006cmKuAAI,NAO CADASTRADA
22771,a0i6g000006cnwWAAQ,NAO CADASTRADA
22772,a0i6g000006coN4AAI,VAREJO II
22773,a0i6g000006cOprAAE,VAREJO II
22774,a0i6g000006coq9AAA,VAREJO I
22775,a0i6g000006cR3GAAU,EXCLUSIVO REMOTO
22776,a0i6g000006cRetAAE,NAO CADASTRADA
22777,a0i6g000006cRVQAA2,EXCLUSIVO REMOTO
22778,a0i6g000006cSQLAA2,VAREJO II
22779,a0i6g000006cUaZAAU,NAO CADASTRADA
22780,a0i6g000006cUFqAAM,NAO CADASTRADA
22781,a0i6g000006cVieAAE,VAREJO II
22782,a0i6g000006cViTAAU,GRUPO REST CADASTRAL
22783,a0i6g000006cvT4AAI,NAO CADASTRADA
22784,a0i6g000006cw6vAAA,VAREJO II
22785,a0i6g000006cWzsAAE,EXCLUSIVO REMOTO
22786,a0i6g000006cX3rAAE,VAREJO II
22787,a0i6g000006cX3XAAU,VAREJO I
22788,a0i6g000006bCFLAA2,EX CLIENTES
22789,a0i6g000006bfx1AAA,GRUPO INADIMPLENTES
22790,a0i6g000006bIPmAAM,PERSONALIZADO
22791,a0i6g000006bIQyAAM,VAREJO II
22792,a0i6g000006bjiMAAQ,POTENCIAL PF
22793,a0i6g000006bjiWAAQ,NAO CADASTRADA
22794,a0i6g000006bJrtAAE,GRUPO CTA MOV LIM
22795,a0i6g000006blAZAAY,GRUPO REST CADASTRAL
22796,a0i6g000006bMAEAA2,NAO CADASTRADA
22797,a0i6g000006bmC4AAI,VAREJO I
22798,a0i6g000006bmHcAAI,VAREJO I
22799,a0i6g000006bmIIAAY,NAO CADASTRADA
22800,a0i6g000006bn6DAAQ,VAREJO II
22801,a0i6g000006bn6lAAA,GRUPO CTA MOV LIM
22802,a0i6g000006bngbAAA,GRUPO INADIMPLENTES
22803,a0i6g000006bolOAAQ,VAREJO I
22804,a0i6g000006boYoAAI,VAREJO II
22805,a0i6g000006bpTsAAI,GRUPO POUP N CORRENT
22806,a0i6g000006bpwRAAQ,NAO CADASTRADA
22807,a0i6g000006bQcJAAU,GRUPO CTA MOV LIM
22808,a0i6g000006bRLNAA2,VAREJO II
22809,a0i6g000006bRqjAAE,GRUPO INADIMPLENTES
22810,a0i6g000006bRquAAE,POTENCIAL PF
22811,a0i6g000006bS9CAAU,GRUPO POUP N CORRENT
22812,a0i6g000006btgbAAA,VAREJO I
22813,a0i6g000006buWTAAY,NAO CADASTRADA
22814,a0i6g000006buX6AAI,NAO CADASTRADA
22815,a0i6g000006bv6aAAA,VAREJO I
22816,a0i6g000006bVDDAA2,NAO CADASTRADA
22817,a0i6g000006bve2AAA,VAREJO II
22818,a0i6g000006bvGZAAY,NAO CADASTRADA
22819,a0i6g000006bVpiAAE,POTENCIAL PF
22820,a0i6g000006bxGlAAI,NAO CADASTRADA
22821,a0i6g000006bZswAAE,PERSONALIZADO
22822,a0i6g000006c0keAAA,GRUPO CTA MOV LIM
22823,a0i6g000006c27aAAA,RURAL ESTILO
22824,a0i6g000006c2ENAAY,GRUPO REST CADASTRAL
22825,a0i6g000006c8J0AAI,VAREJO I
22826,a0i6g000006c9l1AAA,NAO CADASTRADA
22827,a0i6g000006c9lPAAQ,EX CLIENTES
22828,a0i6g000006c9M5AAI,PERSONALIZADO
22829,a0i6g000006c9mSAAQ,VAREJO II
22830,a0i6g000006cANIAA2,NAO CADASTRADA
22831,a0i6g000006cBmaAAE,VAREJO II
22832,a0i6g000006cBn7AAE,GRUPO CLIENTE PRODUT
22833,a0i6g000006cBobAAE,PERSONALIZADO
22834,a0i6g000006ccFVAAY,VAREJO I
22835,a0i6g000006ccxSAAQ,VAREJO II
22836,a0i6g000006cECWAA2,NAO CADASTRADA
22837,a0i6g000006cEdqAAE,NAO CADASTRADA
22838,a0i6g000006cfHAAAY,NAO CADASTRADA
22839,a0i6g000006cG32AAE,EXCLUSIVO REMOTO
22840,a0i6g000006cHTkAAM,VAREJO I
22841,a0i6g000006cHUYAA2,VAREJO II
22842,a0i6g000006ciSZAAY,VAREJO II
22843,a0i6g000006cIVRAA2,VAREJO II
22844,a0i6g000006cKAkAAM,POTENCIAL PF
22845,a0i6g000006ckLPAAY,EXCLUSIVO REMOTO
22846,a0i6g000006cKwWAAU,GRUPO CLIENTE PRODUT
22847,a0i6g000006cKX1AAM,GRUPO CLIENTE PRODUT
22848,a0i6g000006cMfbAAE,GRUPO INADIMPLENTES
22849,a0i6g000006cmM7AAI,VAREJO II
22850,a0i6g000006cmNUAAY,NAO CADASTRADA
22851,a0i6g000006cNjrAAE,GRUPO CLIENTE PRODUT
22852,a0i6g000006coqZAAQ,NAO CADASTRADA
22853,a0i6g000006cosQAAQ,NAO CADASTRADA
22854,a0i6g000006cosVAAQ,GRUPO INADIMPLENTES
22855,a0i6g000006cpnPAAQ,GRUPO CTA MOV LIM
22856,a0i6g000006cQ1tAAE,GRUPO POUP N CORRENT
22857,a0i6g000006cR2mAAE,VAREJO II
22858,a0i6g000006crL8AAI,EXCLUSIVO REMOTO
22859,a0i6g000006crLJAAY,VAREJO I
22860,a0i6g000006crMmAAI,NAO CADASTRADA
22861,a0i6g000006crNzAAI,GRUPO INADIMPLENTES
22862,a0i6g000006cRWUAA2,NAO CADASTRADA
22863,a0i6g000006cSQeAAM,GRUPO REST CADASTRAL
22864,a0i6g000006cSQyAAM,VAREJO II
22865,a0i6g000006cT6kAAE,NAO CADASTRADA
22866,a0i6g000006cT6lAAE,POTENCIAL PF
22867,a0i6g000006cu4dAAA,NAO CADASTRADA
22868,a0i6g000006cWVhAAM,VAREJO II
22869,a0i6g000006cWzMAAU,NAO CADASTRADA
22870,a0i6g000006cXBKAA2,VAREJO I
22871,a0i6g000006cxSkAAI,EXCLUSIVO REMOTO
22872,a0i6g000006cYwHAAU,NAO CADASTRADA
22873,a0i6g000006cZwnAAE,NAO CADASTRADA
22874,a0i6g000006d2ebAAA,GRUPO POUP N CORRENT
22875,a0i6g000006d6azAAA,NAO CADASTRADA
22876,a0i6g000006d6oPAAQ,VAREJO I
22877,a0i6g000006dA28AAE,EXCLUSIVO REMOTO
22878,a0i6g000006DaHcAAK,GRUPO POUP N CORRENT
22879,a0i6g000006DaklAAC,VAREJO II
22880,a0i6g000006DatEAAS,VAREJO I
22881,a0i6g000006Db2PAAS,ESTILO REMOTO
22882,a0i6g000006DbEyAAK,NAO CADASTRADA
22883,a0i6g000005T0aSAAS,POTENCIAL PF
22884,a0i6g000005T0AVAA0,NAO CADASTRADA
22885,a0i6g000005T0ELAA0,NAO CADASTRADA
22886,a0i6g000005T1fjAAC,NAO CADASTRADA
22887,a0i6g000005T3McAAK,VAREJO I
22888,a0i6g000005T46hAAC,PRIVATE PRODUTOR RUR
22889,a0i6g000005T4F9AAK,GRUPO INADIMPLENTES
22890,a0i6g000005T4FAAA0,EXCLUSIVO REMOTO
22891,a0i6g000005T4RRAA0,VAREJO II
22892,a0i6g000005TcQsAAK,VAREJO I
22893,a0i6g000005TdZQAA0,GRUPO REST CADASTRAL
22894,a0i6g000005TFQBAA4,POTENCIAL PF
22895,a0i6g000005TG4UAAW,NAO CADASTRADA
22896,a0i6g000005TJokAAG,POTENCIAL PF
22897,a0i6g000005TrGIAA0,VAREJO II
22898,a0i6g000006a4hhAAA,VAREJO I
22899,a0i6g000006a5W4AAI,GRUPO CLIENTE PRODUT
22900,a0i6g000006a6IjAAI,GRUPO POUP N CORRENT
22901,a0i6g000006a9A9AAI,GRUPO INADIMPLENTES
22902,a0i6g000006a9CkAAI,VAREJO I
22903,a0i6g000006a9wdAAA,NAO CADASTRADA
22904,a0i6g000006aB0oAAE,GRUPO POUP N CORRENT
22905,a0i6g000006ac1tAAA,NAO CADASTRADA
22906,a0i6g000006ac2lAAA,GRUPO CTA MOV LIM
22907,a0i6g000006aDiHAAU,GRUPO CLIENTE PRODUT
22908,a0i6g000006adW7AAI,NAO CADASTRADA
22909,a0i6g000006afNtAAI,VAREJO II
22910,a0i6g000006agsyAAA,VAREJO II
22911,a0i6g000006agtXAAQ,VAREJO I
22912,a0i6g000006agYlAAI,NAO CADASTRADA
22913,a0i6g000006aJvMAAU,VAREJO II
22914,a0i6g000006aLejAAE,VAREJO II
22915,a0i6g000006aLeLAAU,POTENCIAL PF
22916,a0i6g000006alkZAAQ,NAO CADASTRADA
22917,a0i6g000006aM29AAE,GRUPO REST CADASTRAL
22918,a0i6g000006amGfAAI,ESTILO
22919,a0i6g000006amv2AAA,ESTILO REMOTO
22920,a0i6g000006an34AAA,NAO CADASTRADA
22921,a0i6g000006anMcAAI,POTENCIAL PF
22922,a0i6g000006anWQAAY,VAREJO II
22923,a0i6g000006aoSkAAI,GRUPO REST CADASTRAL
22924,a0i6g000006aqM2AAI,ESTILO
22925,a0i6g000006aqMJAAY,GRUPO POUP N CORRENT
22926,a0i6g000006aqvxAAA,NAO CADASTRADA
22927,a0i6g000006aSKvAAM,GRUPO CLIENTE PRODUT
22928,a0i6g000006aUoGAAU,GRUPO CLIENTE PRODUT
22929,a0i6g000006avtJAAQ,VAREJO II
22930,a0i6g000006awcbAAA,NAO CADASTRADA
22931,a0i6g000006aXylAAE,GRUPO INADIMPLENTES
22932,a0i6g000006aXzGAAU,NAO CADASTRADA
22933,a0i6g000006ayFAAAY,VAREJO II
22934,a0i6g000006aYU9AAM,VAREJO II
22935,a0i6g000006azxCAAQ,VAREJO I
22936,a0i6g000006b1iLAAQ,POTENCIAL PF
22937,a0i6g000006b3hoAAA,NAO CADASTRADA
22938,a0i6g000006b600AAA,EXCLUSIVO REMOTO
22939,a0i6g000006bATVAA2,VAREJO I
22940,a0i6g000006bCdjAAE,VAREJO I
22941,a0i6g000006bCdWAAU,GRUPO INADIMPLENTES
22942,a0i6g000006bEgUAAU,GRUPO CLIENTE PRODUT
22943,a0i6g000006bFxoAAE,GRUPO REST CADASTRAL
22944,a0i6g000006bhmxAAA,GRUPO REST CADASTRAL
22945,a0i6g000006bhnGAAQ,VAREJO I
22946,a0i6g000006bhV2AAI,GRUPO REST CADASTRAL
22947,a0i6g000006bhWNAAY,VAREJO II
22948,a0i6g000006bji3AAA,GRUPO REST CADASTRAL
22949,a0i6g000006bLO3AAM,VAREJO I
22950,a0i6g000006bLOeAAM,FALECIDOS COM OPER
22951,a0i6g000006bLOOAA2,EX CLIENTES
22952,a0i6g000006bLORAA2,NAO CADASTRADA
22953,a0i6g000006bLQCAA2,VAREJO II
22954,a0i6g000006bm5NAAQ,VAREJO I
22955,a0i6g000006bMC2AAM,POTENCIAL PF
22956,a0i6g000006bmCHAAY,VAREJO II
22957,a0i6g000006bmHgAAI,POTENCIAL PF
22958,a0i6g000006bmHZAAY,GRUPO INADIMPLENTES
22959,a0i6g000006bN2RAAU,NAO CADASTRADA
22960,a0i6g000006bN41AAE,GRUPO CTA MOV LIM
22961,a0i6g000006bNTNAA2,NAO CADASTRADA
22962,a0i6g000006boXFAAY,VAREJO I
22963,a0i6g000006boZVAAY,NAO CADASTRADA
22964,a0i6g000006bpV2AAI,VAREJO I
22965,a0i6g000006bQcdAAE,VAREJO II
22966,a0i6g000006bQdGAAU,VAREJO I
22967,a0i6g000006bQREAA2,GRUPO CTA MOV LIM
22968,a0i6g000006bRqUAAU,PERSONALIZADO
22969,a0i6g000006bRqvAAE,VAREJO II
22970,a0i6g000006bSIEAA2,VAREJO II
22971,a0i6g000006bSrRAAU,NAO CADASTRADA
22972,a0i6g000006bT3eAAE,EXCLUSIVO REMOTO
22973,a0i6g000006bt8cAAA,VAREJO II
22974,a0i6g000006bTncAAE,POTENCIAL PF
22975,a0i6g000006bTnHAAU,GRUPO REST CADASTRAL
22976,a0i6g000006bTUyAAM,POTENCIAL PF
22977,a0i6g000006buXMAAY,VAREJO I
22978,a0i6g000006bv65AAA,PERSONALIZADO
22979,a0i6g000006b8b8AAA,GRUPO INADIMPLENTES
22980,a0i6g000006b8bFAAQ,EXCLUSIVO REMOTO
22981,a0i6g000006b8bPAAQ,VAREJO II
22982,a0i6g000006b8IlAAI,VAREJO II
22983,a0i6g000006b8ypAAA,EXCLUSIVO REMOTO
22984,a0i6g000006bAkEAAU,GRUPO POUP N CORRENT
22985,a0i6g000006bd0eAAA,POTENCIAL PF
22986,a0i6g000006bdHDAAY,NAO CADASTRADA
22987,a0i6g000006bdHjAAI,POTENCIAL PF
22988,a0i6g000006bfxUAAQ,GRUPO CLIENTE PRODUT
22989,a0i6g000006bi02AAA,POTENCIAL PF
22990,a0i6g000006bJzeAAE,ESTILO
22991,a0i6g000006bk5HAAQ,NAO CADASTRADA
22992,a0i6g000006bk6ZAAQ,VAREJO I
22993,a0i6g000006bkfKAAQ,GRUPO INADIMPLENTES
22994,a0i6g000006bkmSAAQ,VAREJO I
22995,a0i6g000006bLQ0AAM,VAREJO I
22996,a0i6g000006bmHOAAY,GRUPO POUP N CORRENT
22997,a0i6g000006bn4ZAAQ,GRUPO REST CADASTRAL
22998,a0i6g000006bn58AAA,GRUPO JOVEM
22999,a0i6g000006bPswAAE,GRUPO INADIMPLENTES
23000,a0i6g000006bpU1AAI,NAO CADASTRADA
23001,a0i6g000006bpvVAAQ,GRUPO REST CADASTRAL
23002,a0i6g000006bQcjAAE,VAREJO I
23003,a0i6g000006bQdBAAU,VAREJO II
23004,a0i6g000006bQdFAAU,VAREJO II
23005,a0i6g000006br4oAAA,GRUPO POUP N CORRENT
23006,a0i6g000006brfGAAQ,GRUPO REST CADASTRAL
23007,a0i6g000006bRKqAAM,NAO CADASTRADA
23008,a0i6g000006brX8AAI,GRUPO INADIMPLENTES
23009,a0i6g000006brZIAAY,GRUPO CTA MOV LIM
23010,a0i6g000006bSIQAA2,NAO CADASTRADA
23011,a0i6g000006bTFVAA2,VAREJO I
23012,a0i6g000006bTmiAAE,VAREJO II
23013,a0i6g000006bTnGAAU,EXCLUSIVO REMOTO
23014,a0i6g000006bTnsAAE,VAREJO I
23015,a0i6g000006bTVCAA2,NAO CADASTRADA
23016,a0i6g000006buOLAAY,NAO CADASTRADA
23017,a0i6g000006bvccAAA,EXCLUSIVO REMOTO
23018,a0i6g000006byj2AAA,VAREJO I
23019,a0i6g000006bZcLAAU,BANCO POSTAL PF
23020,a0i6g000006bZcYAAU,GRUPO REST CADASTRAL
23021,a0i6g000006c0CJAAY,RURAL ESTILO
23022,a0i6g000006c0jOAAQ,GRUPO POUP N CORRENT
23023,a0i6g000006c1YTAAY,VAREJO II
23024,a0i6g000006c75OAAQ,POTENCIAL PF
23025,a0i6g000006c8EhAAI,VAREJO II
23026,a0i6g000006c8FxAAI,GRUPO CTA MOV LIM
23027,a0i6g000006c8GnAAI,NAO CADASTRADA
23028,a0i6g000006c9l5AAA,VAREJO II
23029,a0i6g000006c9lKAAQ,GRUPO CTA MOV LIM
23030,a0i6g000006c9MEAAY,NAO CADASTRADA
23031,a0i6g000006c9rzAAA,GRUPO CTA MOV LIM
23032,a0i6g000006cCRpAAM,VAREJO II
23033,a0i6g000006ccvuAAA,POTENCIAL PF
23034,a0i6g000006cDNzAAM,ESTILO
23035,a0i6g000006cdrCAAQ,GRUPO CTA MOV LIM
23036,a0i6g000006cfHCAAY,EX CLIENTES
23037,a0i6g000006cfIzAAI,VAREJO II
23038,a0i6g000006cG6ZAAU,POTENCIAL PF
23039,a0i6g000006cG7YAAU,GRUPO INADIMPLENTES
23040,a0i6g000006cGriAAE,NAO CADASTRADA
23041,a0i6g000006cHUQAA2,EXCLUSIVO REMOTO
23042,a0i6g000006cHVYAA2,GRUPO CTA MOV LIM
23043,a0i6g000006cidgAAA,VAREJO II
23044,a0i6g000006cievAAA,GRUPO POUP N CORRENT
23045,a0i6g000006ciIIAAY,GRUPO CTA MOV LIM
23046,a0i6g000006cNnxAAE,NAO CADASTRADA
23047,a0i6g000006cnxJAAQ,VAREJO I
23048,a0i6g000006cNzzAAE,VAREJO II
23049,a0i6g000006coqjAAA,GRUPO CTA MOV LIM
23050,a0i6g000006cPjJAAU,VAREJO II
23051,a0i6g000006cpmsAAA,GRUPO INADIMPLENTES
23052,a0i6g000006cpmvAAA,GRUPO REST CADASTRAL
23053,a0i6g000006cQ2GAAU,VAREJO II
23054,a0i6g000006cRK1AAM,VAREJO II
23055,a0i6g000006crN7AAI,VAREJO I
23056,a0i6g000006cT1PAAU,ESTILO
23057,a0i6g000006cTRHAA2,EXCLUSIVO REMOTO
23058,a0i6g000006cTVEAA2,VAREJO I
23059,a0i6g000006cTVTAA2,GRUPO CLIENTE PRODUT
23060,a0i6g000006cUFbAAM,VAREJO I
23061,a0i6g000006cUZGAA2,NAO CADASTRADA
23062,a0i6g000006cvS8AAI,VAREJO II
23063,a0i6g000006cw7pAAA,POTENCIAL PF
23064,a0i6g000006cw8IAAQ,VAREJO II
23065,a0i6g000006cWiTAAU,VAREJO II
23066,a0i6g000006cWiuAAE,NAO CADASTRADA
23067,a0i6g000006cYvuAAE,NAO CADASTRADA
23068,a0i6g000006cYwrAAE,POTENCIAL PF
23069,a0i6g000006d2h4AAA,GRUPO INADIMPLENTES
23070,a0i6g000006d6dKAAQ,POTENCIAL PF
23071,a0i6g000006d6vkAAA,VAREJO II
23072,a0i6g000006DaDcAAK,EXCLUSIVO
23073,a0i6g000006DadiAAC,EXCLUSIVO REMOTO
23074,a0i6g000006Db49AAC,GRUPO CTA MOV LIM
23075,a0i6g000006cXxQAAU,NAO CADASTRADA
23076,a0i6g000006d5fWAAQ,NAO CADASTRADA
23077,a0i6g000006Da9MAAS,POTENCIAL PF
23078,a0i6g000006DaTzAAK,PERSONALIZADO
23079,a0i6g000006DaxuAAC,NAO CADASTRADA
23080,a0i6g000006DaXWAA0,GRUPO REST CADASTRAL
23081,a0i6g000006DbHgAAK,NAO CADASTRADA
23082,a0i6g000006dBYDAA2,VAREJO II
23083,a0i6g000006DbYeAAK,VAREJO I
23084,a0i6g000006Dc8BAAS,VAREJO II
23085,a0i6g000006DcKiAAK,VAREJO I
23086,a0i6g000006DcnpAAC,VAREJO I
23087,a0i6g000006Dd3WAAS,ESTILO REMOTO
23088,a0i6g000006DdjoAAC,FALECIDOS COM OPER
23089,a0i6g000006DdS1AAK,GRUPO CTA MOV LIM
23090,a0i6g000006De0TAAS,POTENCIAL PF
23091,a0i6g000006De3PAAS,EXCLUSIVO REMOTO
23092,a0i6g000006De4BAAS,VAREJO I
23093,a0i6g000006De5KAAS,ESTILO REMOTO
23094,a0i6g000006De7EAAS,EXCLUSIVO REMOTO
23095,a0i6g000006De7KAAS,RURAL ESTILO
23096,a0i6g000006DeHSAA0,VAREJO II
23097,a0i6g000006DenAAAS,VAREJO I
23098,a0i6g000006DeSNAA0,GRUPO JOVEM
23099,a0i6g000006Df3UAAS,NAO CADASTRADA
23100,a0i6g000006dF8uAAE,POTENCIAL PF
23101,a0i6g000006Dfa5AAC,VAREJO I
23102,a0i6g000006DfeLAAS,VAREJO I
23103,a0i6g000006Dg9CAAS,EXCLUSIVO REMOTO
23104,a0i6g000006DgH4AAK,NAO CADASTRADA
23105,a0i6g000006DgtIAAS,EXCLUSIVO REMOTO
23106,a0i6g000006DhclAAC,NAO CADASTRADA
23107,a0i6g000006DhcMAAS,EXCLUSIVO REMOTO
23108,a0i6g000006DhCzAAK,PERSONALIZADO
23109,a0i6g000006DhkJAAS,ESTILO REMOTO
23110,a0i6g000006dHoGAAU,VAREJO I
23111,a0i6g000006dHokAAE,EXCLUSIVO REMOTO
23112,a0i6g000006DhpnAAC,NAO CADASTRADA
23113,a0i6g000006DhRxAAK,NAO CADASTRADA
23114,a0i6g000006DijPAAS,VAREJO I
23115,a0i6g000006DiwhAAC,POTENCIAL PF
23116,a0i6g000006Dj0BAAS,EXCLUSIVO REMOTO
23117,a0i6g000006Dj2iAAC,NAO CADASTRADA
23118,a0i6g000006DjgRAAS,PERSONALIZADO
23119,a0i6g000006DjMKAA0,POTENCIAL PF
23120,a0i6g000006DjQCAA0,POTENCIAL PF
23121,a0i6g000006DjqYAAS,EXCLUSIVO REMOTO
23122,a0i6g000006DkAzAAK,EXCLUSIVO REMOTO
23123,a0i6g000006DkFrAAK,POTENCIAL PF
23124,a0i6g000006DkGiAAK,POTENCIAL PF
23125,a0i6g000006DkuoAAC,POTENCIAL PF
23126,a0i6g000006dlI3AAI,GRUPO POUP N CORRENT
23127,a0i6g000006DlIFAA0,NAO CADASTRADA
23128,a0i6g000006dlKVAAY,VAREJO I
23129,a0i6g000006DlwwAAC,EXCLUSIVO REMOTO
23130,a0i6g000006DlYaAAK,NAO CADASTRADA
23131,a0i6g000006DmGJAA0,VAREJO II
23132,a0i6g000006DmGYAA0,ESTILO
23133,a0i6g000006DmnLAAS,NAO CADASTRADA
23134,a0i6g000006DmrgAAC,NAO CADASTRADA
23135,a0i6g000006DmvbAAC,NAO CADASTRADA
23136,a0i6g000006DmzyAAC,VAREJO I
23137,a0i6g000006DnacAAC,NAO CADASTRADA
23138,a0i6g000006DndcAAC,ESTILO
23139,a0i6g000006DngnAAC,NAO CADASTRADA
23140,a0i6g000006DnGwAAK,UNIVERSITARIOS
23141,a0i6g000006DnLBAA0,PERSONALIZADO
23142,a0i6g000006dNlQAAU,EXCLUSIVO REMOTO
23143,a0i6g000006DnNzAAK,NAO CADASTRADA
23144,a0i6g000006DnX3AAK,ESTILO
23145,a0i6g000006DnX5AAK,EXCLUSIVO REMOTO
23146,a0i6g000006Doa5AAC,EXCLUSIVO
23147,a0i6g000006DoBWAA0,POTENCIAL PF
23148,a0i6g000006DoFbAAK,VAREJO II
23149,a0i6g000006DofFAAS,VAREJO I
23150,a0i6g000006DomjAAC,PERSONALIZADO
23151,a0i6g000006DoMQAA0,NAO CADASTRADA
23152,a0i6g000006Doo8AAC,VAREJO I
23153,a0i6g000006DoQpAAK,GRUPO REST CADASTRAL
23154,a0i6g000006DoT4AAK,POTENCIAL PF
23155,a0i6g000006DoTjAAK,NAO CADASTRADA
23156,a0i6g000006DoWDAA0,NAO CADASTRADA
23157,a0i6g000006DoYvAAK,EXCLUSIVO REMOTO
23158,a0i6g000006Dp45AAC,VAREJO I
23159,a0i6g000006DpJRAA0,EXCLUSIVO REMOTO
23160,a0i6g000006DpU5AAK,POTENCIAL PF
23161,a0i6g000006Dq1mAAC,ESTILO
23162,a0i6g000006DqclAAC,POTENCIAL PF
23163,a0i6g000006DqETAA0,PERSONALIZADO
23164,a0i6g000006DqRCAA0,POTENCIAL PF
23165,a0i6g000006DquFAAS,ESTILO REMOTO
23166,a0i6g000006Dr9oAAC,NAO CADASTRADA
23167,a0i6g000006DrAfAAK,RURAL ESTILO
23168,a0i6g000006DrbVAAS,NAO CADASTRADA
23169,a0i6g000006DrC8AAK,PERSONALIZADO
23170,a0i6g000006DrEZAA0,ESTILO
23171,a0i6g000006DriAAAS,ESTILO
23172,a0i6g000006DrlXAAS,NAO CADASTRADA
23173,a0i6g000006DbO7AAK,GRUPO CTA MOV LIM
23174,a0i6g000006DboOAAS,VAREJO I
23175,a0i6g000006dBXpAAM,VAREJO I
23176,a0i6g000006dBY1AAM,GRUPO POUP N CORRENT
23177,a0i6g000006dBYrAAM,NAO CADASTRADA
23178,a0i6g000006DcEnAAK,POTENCIAL PF
23179,a0i6g000006DcVkAAK,GRUPO POUP N CORRENT
23180,a0i6g000006Dd7SAAS,ESTILO REMOTO
23181,a0i6g000006Dd9NAAS,POTENCIAL PF
23182,a0i6g000006DdeAAAS,VAREJO I
23183,a0i6g000006DdkQAAS,EXCLUSIVO REMOTO
23184,a0i6g000006DdxuAAC,EXCLUSIVO REMOTO
23185,a0i6g000006De2cAAC,EXCLUSIVO REMOTO
23186,a0i6g000006De3sAAC,ESTILO
23187,a0i6g000006DejLAAS,EXCLUSIVO REMOTO
23188,a0i6g000006Df3eAAC,VAREJO I
23189,a0i6g000006dF8DAAU,GRUPO CTA MOV LIM
23190,a0i6g000006dF8lAAE,VAREJO I
23191,a0i6g000006Df9vAAC,VAREJO II
23192,a0i6g000006DfbzAAC,PERSONALIZADO
23193,a0i6g000006DfDAAA0,NAO CADASTRADA
23194,a0i6g000006DfHwAAK,NAO CADASTRADA
23195,a0i6g000006DfiTAAS,EXCLUSIVO REMOTO
23196,a0i6g000006DfOKAA0,VAREJO II
23197,a0i6g000006DfosAAC,POTENCIAL PF
23198,a0i6g000006DfqPAAS,NAO CADASTRADA
23199,a0i6g000006DfTzAAK,PERSONALIZADO
23200,a0i6g000006DfZfAAK,NAO CADASTRADA
23201,a0i6g000006DgaaAAC,NAO CADASTRADA
23202,a0i6g000006Dgb9AAC,ESTILO
23203,a0i6g000006DgGfAAK,NAO CADASTRADA
23204,a0i6g000006DgMWAA0,NAO CADASTRADA
23205,a0i6g000006DgnWAAS,NAO CADASTRADA
23206,a0i6g000006DgZMAA0,NAO CADASTRADA
23207,a0i6g000006dH32AAE,GRUPO INADIMPLENTES
23208,a0i6g000006dhFYAAY,VAREJO II
23209,a0i6g000006dhJcAAI,PERSONALIZADO
23210,a0i6g000006DhkaAAC,ESTILO
23211,a0i6g000006DhqJAAS,NAO CADASTRADA
23212,a0i6g000006DhutAAC,VAREJO I
23213,a0i6g000006Di0gAAC,NAO CADASTRADA
23214,a0i6g000006DiisAAC,ESTILO
23215,a0i6g000006DiIvAAK,PERSONALIZADO
23216,a0i6g000006DiOwAAK,VAREJO I
23217,a0i6g000006DisuAAC,ESTILO
23218,a0i6g000006DivDAAS,POTENCIAL PF
23219,a0i6g000006Dj5DAAS,VAREJO I
23220,a0i6g000006DjCsAAK,NAO CADASTRADA
23221,a0i6g000006DjlTAAS,EXCLUSIVO REMOTO
23222,a0i6g000006DjP8AAK,ESTILO
23223,a0i6g000006Dk0KAAS,POTENCIAL PF
23224,a0i6g000006DkErAAK,EXCLUSIVO REMOTO
23225,a0i6g000006DkJIAA0,GRUPO CTA MOV LIM
23226,a0i6g000006DkUmAAK,VAREJO I
23227,a0i6g000006Dl2RAAS,GRUPO CLIENTE PRODUT
23228,a0i6g000006dL7RAAU,POTENCIAL PF
23229,a0i6g000006DlcqAAC,PERSONALIZADO
23230,a0i6g000006DldFAAS,ESTILO REMOTO
23231,a0i6g000006DlHzAAK,POTENCIAL PF
23232,a0i6g000006dLM9AAM,NAO CADASTRADA
23233,a0i6g000006DlupAAC,EXCLUSIVO REMOTO
23234,a0i6g000006Dm1WAAS,NAO CADASTRADA
23235,a0i6g000006DmaEAAS,NAO CADASTRADA
23236,a0i6g000006DmIRAA0,POTENCIAL PF
23237,a0i6g000006DmjZAAS,ESTILO
23238,a0i6g000006DmlHAAS,NAO CADASTRADA
23239,a0i6g000006DmQnAAK,POTENCIAL PF
23240,a0i6g000006DmsVAAS,VAREJO II
23241,a0i6g000006DmxSAAS,POTENCIAL PF
23242,a0i6g000006Dn6oAAC,NAO CADASTRADA
23243,a0i6g000006DnE2AAK,EXCLUSIVO REMOTO
23244,a0i6g000006Dnf5AAC,EXCLUSIVO REMOTO
23245,a0i6g000006DnVDAA0,VAREJO I
23246,a0i6g000006Do1iAAC,PERSONALIZADO
23247,a0i6g000006Do6YAAS,VAREJO I
23248,a0i6g000006DoeFAAS,NAO CADASTRADA
23249,a0i6g000006DoU7AAK,PERSONALIZADO
23250,a0i6g000006DovYAAS,EXCLUSIVO REMOTO
23251,a0i6g000006DoxGAAS,NAO CADASTRADA
23252,a0i6g000006DoZ4AAK,ESTILO
23253,a0i6g000006Dp76AAC,ESTILO
23254,a0i6g000006DpDtAAK,EXCLUSIVO REMOTO
23255,a0i6g000006DphxAAC,POTENCIAL PF
23256,a0i6g000006DpInAAK,POTENCIAL PF
23257,a0i6g000006DpNFAA0,GRUPO POUP N CORRENT
23258,a0i6g000006DpNjAAK,VAREJO I
23259,a0i6g000006DpoEAAS,RURAL ESTILO
23260,a0i6g000006DpTRAA0,VAREJO I
23261,a0i6g000006DpvrAAC,VAREJO I
23262,a0i6g000006DpvxAAC,EXCLUSIVO REMOTO
23263,a0i6g000006DpYSAA0,PERSONALIZADO
23264,a0i6g000006Dq1AAAS,PERSONALIZADO
23265,a0i6g000006Dq23AAC,EXCLUSIVO REMOTO
23266,a0i6g000006DqEkAAK,POTENCIAL PF
23267,a0i6g000006DqG7AAK,PERSONALIZADO
23268,a0i6g000006DqrwAAC,VAREJO I
23269,a0i6g000006dQZoAAM,RURAL ESTILO
23270,a0i6g000006Dr1dAAC,EXCLUSIVO REMOTO
23271,a0i6g000006dBoCAAU,VAREJO I
23272,a0i6g000006dBXmAAM,POTENCIAL PF
23273,a0i6g000006dBY4AAM,NAO CADASTRADA
23274,a0i6g000006Dd8oAAC,NAO CADASTRADA
23275,a0i6g000006Dd8wAAC,EXCLUSIVO REMOTO
23276,a0i6g000006DdYMAA0,EXCLUSIVO REMOTO
23277,a0i6g000006DdZEAA0,ESTILO REMOTO
23278,a0i6g000006De8OAAS,NAO CADASTRADA
23279,a0i6g000006DeHJAA0,EXCLUSIVO REMOTO
23280,a0i6g000006DeQkAAK,VAREJO I
23281,a0i6g000006DeyhAAC,PERSONALIZADO
23282,a0i6g000006DezYAAS,NAO CADASTRADA
23283,a0i6g000006dFACAA2,EXCLUSIVO REMOTO
23284,a0i6g000006DfgFAAS,NAO CADASTRADA
23285,a0i6g000006DfHoAAK,EXCLUSIVO REMOTO
23286,a0i6g000006DfPYAA0,VAREJO I
23287,a0i6g000006DfS7AAK,GRUPO POUP N CORRENT
23288,a0i6g000006DfXzAAK,GRUPO POUP N CORRENT
23289,a0i6g000006Dg4TAAS,PRIVATE
23290,a0i6g000006DgAJAA0,EXCLUSIVO REMOTO
23291,a0i6g000006Dgj8AAC,GRUPO INADIMPLENTES
23292,a0i6g000006Dgn5AAC,NAO CADASTRADA
23293,a0i6g000006Dh3GAAS,GRUPO POUP N CORRENT
23294,a0i6g000006DhdTAAS,VAREJO I
23295,a0i6g000006Dhf3AAC,NAO CADASTRADA
23296,a0i6g000006dHn3AAE,UNIVERSITARIOS
23297,a0i6g000006DhnEAAS,POTENCIAL PF
23298,a0i6g000006DhyEAAS,VAREJO II
23299,a0i6g000006Di6wAAC,NAO CADASTRADA
23300,a0i6g000006DiOfAAK,EXCLUSIVO REMOTO
23301,a0i6g000006DipRAAS,NAO CADASTRADA
23302,a0i6g000006Dj7vAAC,POTENCIAL PF
23303,a0i6g000006DjXgAAK,EXCLUSIVO REMOTO
23304,a0i6g000006Dk5iAAC,VAREJO I
23305,a0i6g000006DkHdAAK,GRUPO INADIMPLENTES
23306,a0i6g000006DkMrAAK,GRUPO CLIENTE PRODUT
23307,a0i6g000006DkQpAAK,VAREJO I
23308,a0i6g000006DkuHAAS,NAO CADASTRADA
23309,a0i6g000006dL6qAAE,GRUPO INADIMPLENTES
23310,a0i6g000006Dl7IAAS,NAO CADASTRADA
23311,a0i6g000006dL7YAAU,GRUPO CLIENTE PRODUT
23312,a0i6g000006Dlf7AAC,EXCLUSIVO REMOTO
23313,a0i6g000006dLLMAA2,NAO CADASTRADA
23314,a0i6g000006DlpfAAC,PERSONALIZADO
23315,a0i6g000006Dmj9AAC,NAO CADASTRADA
23316,a0i6g000006DmJuAAK,VAREJO I
23317,a0i6g000006DmrsAAC,EXCLUSIVO REMOTO
23318,a0i6g000006DmsmAAC,VAREJO I
23319,a0i6g000006DmsQAAS,NAO CADASTRADA
23320,a0i6g000006DmsQAAS,PERSONALIZADO I
23321,a0i6g000006DmtFAAS,PERSONALIZADO
23322,a0i6g000006DnETAA0,NAO CADASTRADA
23323,a0i6g000006Dnm8AAC,VAREJO I
23324,a0i6g000006DnMcAAK,VAREJO I
23325,a0i6g000006DnvHAAS,NAO CADASTRADA
23326,a0i6g000006DnWZAA0,GRUPO REST CADASTRAL
23327,a0i6g000006Do2RAAS,NAO CADASTRADA
23328,a0i6g000006Do9hAAC,VAREJO I
23329,a0i6g000006Doa8AAC,GRUPO REST CADASTRAL
23330,a0i6g000006DoGrAAK,GRUPO REST CADASTRAL
23331,a0i6g000006dohHAAQ,GRUPO POUP N CORRENT
23332,a0i6g000006DoJyAAK,ESTILO REMOTO
23333,a0i6g000006DoKhAAK,NAO CADASTRADA
23334,a0i6g000006DolEAAS,ESTILO
23335,a0i6g000006DoUkAAK,NAO CADASTRADA
23336,a0i6g000006DoyIAAS,EXCLUSIVO REMOTO
23337,a0i6g000006DoYlAAK,NAO CADASTRADA
23338,a0i6g000006Dp2MAAS,NAO CADASTRADA
23339,a0i6g000006Dp9sAAC,PERSONALIZADO
23340,a0i6g000006DpIVAA0,VAREJO I
23341,a0i6g000006DpURAA0,EXCLUSIVO REMOTO
23342,a0i6g000006DpuvAAC,ESTILO REMOTO
23343,a0i6g000006DqBvAAK,PERSONALIZADO
23344,a0i6g000006DqEkAAK,PERSONALIZADO
23345,a0i6g000006DqGXAA0,ESTILO
23346,a0i6g000006DqPJAA0,ESTILO
23347,a0i6g000006DqXzAAK,POTENCIAL PF
23348,a0i6g000006Dqz2AAC,VAREJO I
23349,a0i6g000006Dr1lAAC,ESTILO
23350,a0i6g000006Dr39AAC,POTENCIAL PF
23351,a0i6g000006Dr4GAAS,VAREJO I
23352,a0i6g000006dr8aAAA,GRUPO JOVEM
23353,a0i6g000006DScZAAW,PERSONALIZADO
23354,a0i6g000006DsipAAC,GRUPO INADIMPLENTES
23355,a0i6g000006DsjDAAS,NAO CADASTRADA
23356,a0i6g000006DsSNAA0,VAREJO I
23357,a0i6g000006DTfZAAW,VAREJO I
23358,a0i6g000006DTgDAAW,NAO CADASTRADA
23359,a0i6g000006DtM5AAK,EXCLUSIVO REMOTO
23360,a0i6g000006DtnwAAC,PRIVATE
23361,a0i6g000006Du4nAAC,ESTILO REMOTO
23362,a0i6g000006DuFgAAK,GRUPO REST CADASTRAL
23363,a0i6g000006DuFiAAK,POTENCIAL PF
23364,a0i6g000006DuIqAAK,EXCLUSIVO REMOTO
23365,a0i6g000006DUIYAA4,POTENCIAL PF
23366,a0i6g000006DukUAAS,PERSONALIZADO
23367,a0i6g000006bVbtAAE,NAO CADASTRADA
23368,a0i6g000006bvcDAAQ,VAREJO I
23369,a0i6g000006bvclAAA,VAREJO II
23370,a0i6g000006bvcPAAQ,VAREJO I
23371,a0i6g000006bvm8AAA,GRUPO POUP N CORRENT
23372,a0i6g000006bw75AAA,POTENCIAL PF
23373,a0i6g000006bxHCAAY,POTENCIAL PF
23374,a0i6g000006bxIYAAY,GRUPO INADIMPLENTES
23375,a0i6g000006bzdRAAQ,NAO CADASTRADA
23376,a0i6g000006bZuUAAU,VAREJO I
23377,a0i6g000006c0eQAAQ,NAO CADASTRADA
23378,a0i6g000006c0jFAAQ,GRUPO REST CADASTRAL
23379,a0i6g000006c6S0AAI,VAREJO II
23380,a0i6g000006c8kjAAA,EXCLUSIVO REMOTO
23381,a0i6g000006c8RJAAY,NAO CADASTRADA
23382,a0i6g000006c8SuAAI,POTENCIAL PF
23383,a0i6g000006c9llAAA,GRUPO INADIMPLENTES
23384,a0i6g000006ccxtAAA,EXCLUSIVO REMOTO
23385,a0i6g000006cDmQAAU,GRUPO INADIMPLENTES
23386,a0i6g000006cDnNAAU,VAREJO I
23387,a0i6g000006cdsnAAA,NAO CADASTRADA
23388,a0i6g000006cfCUAAY,NAO CADASTRADA
23389,a0i6g000006cfHxAAI,GRUPO POUP N CORRENT
23390,a0i6g000006cGCzAAM,POTENCIAL PF
23391,a0i6g000006cGPqAAM,NAO CADASTRADA
23392,a0i6g000006cGt1AAE,POTENCIAL PF
23393,a0i6g000006ciGBAAY,GRUPO POUP N CORRENT
23394,a0i6g000006cKAnAAM,GRUPO REST CADASTRAL
23395,a0i6g000006clnhAAA,VAREJO II
23396,a0i6g000006clobAAA,PERSONALIZADO
23397,a0i6g000006cMcwAAE,NAO CADASTRADA
23398,a0i6g000006cMdZAAU,VAREJO II
23399,a0i6g000006cMfdAAE,VAREJO II
23400,a0i6g000006cne7AAA,NAO CADASTRADA
23401,a0i6g000006cnwJAAQ,EXCLUSIVO REMOTO
23402,a0i6g000006coOQAAY,UNIVERSITARIOS
23403,a0i6g000006coP5AAI,VAREJO II
23404,a0i6g000006cosMAAQ,NAO CADASTRADA
23405,a0i6g000006cR1QAAU,POTENCIAL PF
23406,a0i6g000006cT1RAAU,ESTILO
23407,a0i6g000006cUETAA2,GRUPO POUP N CORRENT
23408,a0i6g000006cUF2AAM,NAO CADASTRADA
23409,a0i6g000006cVgoAAE,NAO CADASTRADA
23410,a0i6g000006cVjDAAU,NAO CADASTRADA
23411,a0i6g000006cVstAAE,VAREJO II
23412,a0i6g000006cw7HAAQ,VAREJO I
23413,a0i6g000006cX0pAAE,POTENCIAL PF
23414,a0i6g000006cX1eAAE,EXCLUSIVO REMOTO
23415,a0i6g000006cX4EAAU,VAREJO I
23416,a0i6g000006cylZAAQ,VAREJO I
23417,a0i6g000006cYUEAA2,GRUPO REST CADASTRAL
23418,a0i6g000006d2fHAAQ,POTENCIAL PF
23419,a0i6g000006d6bkAAA,VAREJO II
23420,a0i6g000006d6bUAAQ,NAO CADASTRADA
23421,a0i6g000006Da3AAAS,NAO CADASTRADA
23422,a0i6g000006DaeFAAS,ESCRITORIO EXCLUSIVO
23423,a0i6g000006DaJGAA0,NAO CADASTRADA
23424,a0i6g000006Db3mAAC,VAREJO I
23425,a0i6g000006DbDPAA0,NAO CADASTRADA
23426,a0i6g000006dBnwAAE,NAO CADASTRADA
23427,a0i6g000006DbRlAAK,NAO CADASTRADA
23428,a0i6g000006DbtWAAS,NAO CADASTRADA
23429,a0i6g000006dBXgAAM,VAREJO I
23430,a0i6g000006DccNAAS,NAO CADASTRADA
23431,a0i6g000006DcLbAAK,PERSONALIZADO
23432,a0i6g000006DcR3AAK,NAO CADASTRADA
23433,a0i6g000006DctHAAS,VAREJO II
23434,a0i6g000006Dd2WAAS,PERSONALIZADO
23435,a0i6g000006Dd7PAAS,POTENCIAL PF
23436,a0i6g000006dDAuAAM,POTENCIAL PF
23437,a0i6g000006DdEIAA0,NAO CADASTRADA
23438,a0i6g000006DdSJAA0,NAO CADASTRADA
23439,a0i6g000006DdTuAAK,ESTILO
23440,a0i6g000006DdzNAAS,GRUPO POUP N CORRENT
23441,a0i6g000006DdZtAAK,VAREJO II
23442,a0i6g000006De54AAC,ESTILO REMOTO
23443,a0i6g000006DeiuAAC,NAO CADASTRADA
23444,a0i6g000006DeJDAA0,ESTILO
23445,a0i6g000006DeJOAA0,POTENCIAL PF
23446,a0i6g000006DezgAAC,PERSONALIZADO
23447,a0i6g000006Df3GAAS,VAREJO I
23448,a0i6g000006DfC5AAK,VAREJO I
23449,a0i6g000006DffwAAC,ESTILO
23450,a0i6g000006DfTyAAK,ESTILO REMOTO
23451,a0i6g000006DgAhAAK,EXCLUSIVO REMOTO
23452,a0i6g000006Dgc0AAC,NAO CADASTRADA
23453,a0i6g000006DgJyAAK,GRUPO CTA MOV LIM
23454,a0i6g000006DgKaAAK,NAO CADASTRADA
23455,a0i6g000006DgKBAA0,PERSONALIZADO
23456,a0i6g000006DgLYAA0,POTENCIAL PF
23457,a0i6g000006Dh1ZAAS,POTENCIAL PF
23458,a0i6g000006DhaIAAS,VAREJO II
23459,a0i6g000006DhdRAAS,EXCLUSIVO REMOTO
23460,a0i6g000006DhHTAA0,NAO CADASTRADA
23461,a0i6g000006DhoqAAC,NAO CADASTRADA
23462,a0i6g000006Di6dAAC,NAO CADASTRADA
23463,a0i6g000006Di8DAAS,VAREJO I
23464,a0i6g000006DrmHAAS,NAO CADASTRADA
23465,a0i6g000006DsbaAAC,ESTILO
23466,a0i6g000006DSccAAG,ESTILO REMOTO
23467,a0i6g000006DscDAAS,EXCLUSIVO REMOTO
23468,a0i6g000006DsMLAA0,POTENCIAL PF
23469,a0i6g000006DsqMAAS,ESTILO
23470,a0i6g000006DssMAAS,VAREJO I
23471,a0i6g000006DsujAAC,PERSONALIZADO
23472,a0i6g000006dSWvAAM,GRUPO POUP N CORRENT
23473,a0i6g000006DTCGAA4,VAREJO II
23474,a0i6g000006DtdMAAS,VAREJO I
23475,a0i6g000006Dte6AAC,VAREJO II
23476,a0i6g000006DTggAAG,FALECIDOS COM OPER
23477,a0i6g000006DtgTAAS,VAREJO I
23478,a0i6g000006DtJRAA0,NAO CADASTRADA
23479,a0i6g000006Dtz5AAC,EXCLUSIVO REMOTO
23480,a0i6g000006DuCTAA0,NAO CADASTRADA
23481,a0i6g000006DuQUAA0,VAREJO I
23482,a0i6g000006DV2NAAW,NAO CADASTRADA
23483,a0i6g000006DVd8AAG,NAO CADASTRADA
23484,a0i6g000006DViVAAW,VAREJO I
23485,a0i6g000006DVjMAAW,VAREJO I
23486,a0i6g000006dVKeAAM,EXCLUSIVO REMOTO
23487,a0i6g000006DVPSAA4,EXCLUSIVO REMOTO
23488,a0i6g000006dVTcAAM,ESTILO
23489,a0i6g000006DVv2AAG,NAO CADASTRADA
23490,a0i6g000006DvvlAAC,EXCLUSIVO REMOTO
23491,a0i6g000006DVx9AAG,NAO CADASTRADA
23492,a0i6g000006DvZnAAK,NAO CADASTRADA
23493,a0i6g000006DW1CAAW,PERSONALIZADO
23494,a0i6g000006DWaaAAG,VAREJO I
23495,a0i6g000006DwbSAAS,NAO CADASTRADA
23496,a0i6g000006DwCFAA0,ESTILO
23497,a0i6g000006DwfLAAS,PERSONALIZADO
23498,a0i6g000006DwkuAAC,NAO CADASTRADA
23499,a0i6g000006DWlbAAG,EXCLUSIVO REMOTO
23500,a0i6g000006DwRVAA0,NAO CADASTRADA
23501,a0i6g000006DwslAAC,EXCLUSIVO REMOTO
23502,a0i6g000006DWtzAAG,NAO CADASTRADA
23503,a0i6g000006Dx5eAAC,ESTILO REMOTO
23504,a0i6g000006Dx6KAAS,POTENCIAL PF
23505,a0i6g000006DxE7AAK,POTENCIAL PF
23506,a0i6g000006DxGYAA0,GRUPO POUP N CORRENT
23507,a0i6g000006DXR5AAO,EXCLUSIVO REMOTO
23508,a0i6g000006DxtKAAS,POTENCIAL PF
23509,a0i6g000006Dy52AAC,POTENCIAL PF
23510,a0i6g000006DyCPAA0,GRUPO POUP N CORRENT
23511,a0i6g000006DyeIAAS,POTENCIAL PF
23512,a0i6g000006DYGwAAO,VAREJO I
23513,a0i6g000006DyHVAA0,VAREJO I
23514,a0i6g000006DYIbAAO,PERSONALIZADO
23515,a0i6g000006DYifAAG,NAO CADASTRADA
23516,a0i6g000006DYihAAG,EXCLUSIVO REMOTO
23517,a0i6g000006DyJxAAK,NAO CADASTRADA
23518,a0i6g000006DYnQAAW,POTENCIAL PF
23519,a0i6g000006DyQfAAK,EXCLUSIVO REMOTO
23520,a0i6g000006DyQJAA0,PERSONALIZADO
23521,a0i6g000006DyqoAAC,GRUPO INADIMPLENTES
23522,a0i6g000006DyqTAAS,VAREJO I
23523,a0i6g000006DywjAAC,EXCLUSIVO REMOTO
23524,a0i6g000006DyyRAAS,NAO CADASTRADA
23525,a0i6g000006DYzPAAW,NAO CADASTRADA
23526,a0i6g000006Dz69AAC,NAO CADASTRADA
23527,a0i6g000006DzBGAA0,VAREJO II
23528,a0i6g000006DzBxAAK,NAO CADASTRADA
23529,a0i6g000006Dzg2AAC,EXCLUSIVO REMOTO
23530,a0i6g000006DzKkAAK,EXCLUSIVO REMOTO
23531,a0i6g000006DzWEAA0,NAO CADASTRADA
23532,a0i6g000006DzXfAAK,VAREJO II
23533,a0i6g000006DZYoAAO,NAO CADASTRADA
23534,a0i6g000006E06PAAS,NAO CADASTRADA
23535,a0i6g000006E07OAAS,NAO CADASTRADA
23536,a0i6g000006E0guAAC,NAO CADASTRADA
23537,a0i6g000006E0gXAAS,PERSONALIZADO
23538,a0i6g000006E0IfAAK,GRUPO INADIMPLENTES
23539,a0i6g000006E0nzAAC,PREFERENCIAL
23540,a0i6g000006E0ozAAC,PERSONALIZADO
23541,a0i6g000006E0qyAAC,EXCLUSIVO REMOTO
23542,a0i6g000006E0X7AAK,NAO CADASTRADA
23543,a0i6g000006E10SAAS,NAO CADASTRADA
23544,a0i6g000006E11jAAC,GRUPO CLIENTE PRODUT
23545,a0i6g000006E160AAC,NAO CADASTRADA
23546,a0i6g000006E1AWAA0,VAREJO I
23547,a0i6g000006E1dnAAC,EXCLUSIVO REMOTO
23548,a0i6g000006E1JtAAK,VAREJO I
23549,a0i6g000006E1ouAAC,VAREJO I
23550,a0i6g000006E1qjAAC,ESTILO REMOTO
23551,a0i6g000006E1qyAAC,VAREJO I
23552,a0i6g000006E1VjAAK,VAREJO I
23553,a0i6g000006E1W0AAK,ESTILO REMOTO
23554,a0i6g000006E1yvAAC,ESTILO
23555,a0i6g000006E2GQAA0,PERSONALIZADO
23556,a0i6g000006E2lVAAS,NAO CADASTRADA
23557,a0i6g000006E2RtAAK,GRUPO CTA MOV LIM
23558,a0i6g000006E2TzAAK,ESTILO
23559,a0i6g000006E2z1AAC,EXCLUSIVO REMOTO
23560,a0i6g000006E349AAC,NAO CADASTRADA
23561,a0i6g000006dR3fAAE,GRUPO CLIENTE PRODUT
23562,a0i6g000006DrGQAA0,EXCLUSIVO REMOTO
23563,a0i6g000006Drj5AAC,ESTILO
23564,a0i6g000006DrpDAAS,NAO CADASTRADA
23565,a0i6g000006DrzsAAC,NAO CADASTRADA
23566,a0i6g000006DsBkAAK,EXCLUSIVO REMOTO
23567,a0i6g000006DSdOAAW,EXCLUSIVO REMOTO
23568,a0i6g000006DseNAAS,NAO CADASTRADA
23569,a0i6g000006DSIKAA4,VAREJO II
23570,a0i6g000006DslTAAS,EXCLUSIVO REMOTO
23571,a0i6g000006DsrsAAC,EXCLUSIVO REMOTO
23572,a0i6g000006dSTcAAM,NAO CADASTRADA
23573,a0i6g000006DsvNAAS,VAREJO II
23574,a0i6g000006DU8BAAW,VAREJO II
23575,a0i6g000006DueSAAS,GRUPO REST CADASTRAL
23576,a0i6g000006DuOvAAK,NAO CADASTRADA
23577,a0i6g000006DuupAAC,NAO CADASTRADA
23578,a0i6g000006DvHdAAK,VAREJO I
23579,a0i6g000006DVhGAAW,PREFERENCIAL
23580,a0i6g000006DVszAAG,VAREJO I
23581,a0i6g000006DvtVAAS,EXCLUSIVO REMOTO
23582,a0i6g000006DVwAAAW,ESTILO
23583,a0i6g000006DVX7AAO,PRIVATE
23584,a0i6g000006DvYWAA0,RURAL ESTILO
23585,a0i6g000006DW4DAAW,VAREJO II
23586,a0i6g000006Dw6EAAS,VAREJO I
23587,a0i6g000006DW7hAAG,NAO CADASTRADA
23588,a0i6g000006DWIeAAO,POTENCIAL PF
23589,a0i6g000006DWJWAA4,NAO CADASTRADA
23590,a0i6g000006DWP7AAO,NAO CADASTRADA
23591,a0i6g000006DwqwAAC,PERSONALIZADO
23592,a0i6g000006DWvbAAG,EXCLUSIVO REMOTO
23593,a0i6g000006Dx3yAAC,EXCLUSIVO REMOTO
23594,a0i6g000006Dx4nAAC,NAO CADASTRADA
23595,a0i6g000006DxEhAAK,EXCLUSIVO REMOTO
23596,a0i6g000006DxeZAAS,NAO CADASTRADA
23597,a0i6g000006DxlaAAC,POTENCIAL PF
23598,a0i6g000006DXuaAAG,EXCLUSIVO REMOTO
23599,a0i6g000006DxusAAC,GRUPO JOVEM
23600,a0i6g000006DxUXAA0,NAO CADASTRADA
23601,a0i6g000006Dy0gAAC,GRUPO REST CADASTRAL
23602,a0i6g000006Dy2uAAC,ESTILO
23603,a0i6g000006DY4bAAG,NAO CADASTRADA
23604,a0i6g000006Dy4jAAC,POTENCIAL PF
23605,a0i6g000006DYBJAA4,EXCLUSIVO REMOTO
23606,a0i6g000006DYbKAAW,NAO CADASTRADA
23607,a0i6g000006DYbyAAG,GRUPO POUP N CORRENT
23608,a0i6g000006DYHDAA4,EXCLUSIVO
23609,a0i6g000006DyHnAAK,EXCLUSIVO REMOTO
23610,a0i6g000006DYI3AAO,PERSONALIZADO
23611,a0i6g000006DyOFAA0,PERSONALIZADO
23612,a0i6g000006DyOVAA0,POTENCIAL PF
23613,a0i6g000006DYpDAAW,EXCLUSIVO REMOTO
23614,a0i6g000006DySdAAK,VAREJO I
23615,a0i6g000006DyVMAA0,NAO CADASTRADA
23616,a0i6g000006DYYiAAO,VAREJO II
23617,a0i6g000006DyZaAAK,VAREJO I
23618,a0i6g000006DYzpAAG,NAO CADASTRADA
23619,a0i6g000006DZf5AAG,VAREJO II
23620,a0i6g000006DzfaAAC,ESTILO
23621,a0i6g000006DzK9AAK,VAREJO I
23622,a0i6g000006DZlDAAW,UNIVERSITARIOS
23623,a0i6g000006DztLAAS,NAO CADASTRADA
23624,a0i6g000006DZuHAAW,VAREJO I
23625,a0i6g000006E00CAAS,NAO CADASTRADA
23626,a0i6g000006E0E9AAK,PREFERENCIAL
23627,a0i6g000006E0KxAAK,POTENCIAL PF
23628,a0i6g000006E0W5AAK,NAO CADASTRADA
23629,a0i6g000006E10GAAS,PERSONALIZADO
23630,a0i6g000006E13QAAS,NAO CADASTRADA