_CustomObjectKey,ID,HC_Classificacao__c
2,a0i6g000005eaoKAAQ,Falecido
3,a0i6g000005ebmLAAQ,Falecido
4,a0i6g000005edLBAAY,Falecido
5,a0i6g000005eizyAAA,Falecido
6,a0i6g000005elq4AAA,Falecido
7,a0i6g000005em8uAAA,Falecido
8,a0i6g000005emE1AAI,Falecido
9,a0i6g000005ewKjAAI,Falecido
10,a0i6g000005eYxMAAU,Falecido
11,a0i6g000005f64QAAQ,Falecido
12,a0i6g000005fGjZAAU,Falecido
13,a0i6g000005fWdjAAE,Falecido
14,a0i6g000005g65OAAQ,Falecido
15,a0i6g000005gMErAAM,Falecido
16,a0i6g000005lkjiAAA,Falecido
17,a0i6g000005lrHeAAI,Falecido
18,a0i6g000005m3VcAAI,Falecido
19,a0i6g000005m4s6AAA,Falecido
20,a0i6g000005m5dMAAQ,Falecido
21,a0i6g000005m6HyAAI,Falecido
22,a0i6g000005m7CoAAI,Falecido
23,a0i6g000005m8rSAAQ,Falecido
24,a0i6g000005m9FGAAY,Falecido
25,a0i6g000005mHgjAAE,Falecido
26,a0i6g000005mHsDAAU,Falecido
27,a0i6g000005mIqQAAU,Falecido
28,a0i6g000005mJ7iAAE,Falecido
29,a0i6g000005msd0AAA,Falecido
30,a0i6g000005msRRAAY,Falecido
31,a0i6g000005mt3tAAA,Falecido
32,a0i6g000005mwbSAAQ,Falecido
33,a0i6g000005mwCQAAY,Falecido
34,a0i6g000005mwS1AAI,Falecido
35,a0i6g000005mwxuAAA,Falecido
36,a0i6g000005mxL5AAI,Falecido
37,a0i6g000005n9RTAAY,Falecido
38,a0i6g000005nBjBAAU,Falecido
39,a0i6g000005nBWSAA2,Falecido
40,a0i6g000005nCo0AAE,Falecido
41,a0i6g000005nD36AAE,Falecido
42,a0i6g000005nDp2AAE,Falecido
43,a0i6g000005nDUXAA2,Falecido
44,a0i6g000005nDVEAA2,Falecido
45,a0i6g000005nES2AAM,Falecido
46,a0i6g000005nEXgAAM,Falecido
47,a0i6g000005nFgbAAE,Falecido
48,a0i6g000005nFnsAAE,Falecido
49,a0i6g000005nGgHAAU,Falecido
50,a0i6g000005nGWBAA2,Falecido
51,a0i6g000005nHCUAA2,Falecido
52,a0i6g000005nHLkAAM,Falecido
53,a0i6g000005nHPKAA2,Falecido
54,a0i6g000005nHPQAA2,Falecido
55,a0i6g000005nNvZAAU,Falecido
56,a0i6g000005nOe3AAE,Falecido
57,a0i6g000005nPAZAA2,Falecido
58,a0i6g000005oaEoAAI,Falecido
59,a0i6g000005obGcAAI,Falecido
60,a0i6g000005onbhAAA,Falecido
61,a0i6g000005oSuyAAE,Falecido
62,a0i6g000005oT7OAAU,Falecido
63,a0i6g000005oTBnAAM,Falecido
64,a0i6g000005oTdgAAE,Falecido
65,a0i6g000005oTxmAAE,Falecido
66,a0i6g000005oXcWAAU,Falecido
67,a0i6g000005QwiYAAS,Falecido
68,a0i6g000005Qx9ZAAS,Falecido
69,a0i6g000005Qy4kAAC,Falecido
70,a0i6g000005QylVAAS,Falecido
71,a0i6g000005QynYAAS,Falecido
72,a0i6g000005Qz3BAAS,Falecido
73,a0i6g000005QzhgAAC,Falecido
74,a0i6g000005QzN3AAK,Falecido
75,a0i6g000005R5W4AAK,Falecido
76,a0i6g000005R6LOAA0,Falecido
77,a0i6g000005R984AAC,Falecido
78,a0i6g000005R9jDAAS,Falecido
79,a0i6g000005RAVaAAO,Falecido
80,a0i6g000005RAwtAAG,Falecido
81,a0i6g000005RBKfAAO,Falecido
82,a0i6g000005RCE3AAO,Falecido
83,a0i6g000005RCisAAG,Falecido
84,a0i6g000005RF4HAAW,Falecido
85,a0i6g000005RF60AAG,Falecido
86,a0i6g000005RFklAAG,Falecido
87,a0i6g000005RHdXAAW,Falecido
88,a0i6g000005RJxpAAG,Falecido
89,a0i6g000005RLNXAA4,Falecido
90,a0i6g000005RZZnAAO,Falecido
91,a0i6g000005S39qAAC,Falecido
92,a0i6g000005SaklAAC,Falecido
93,a0i6g000005ScC2AAK,Falecido
94,a0i6g000005SdUkAAK,Falecido
95,a0i6g000005SeJgAAK,Falecido
96,a0i6g000005SGjqAAG,Falecido
97,a0i6g000005Si3nAAC,Falecido
98,a0i6g000005SIglAAG,Falecido
99,a0i6g000005SjWhAAK,Falecido
100,a0i6g000005SjZmAAK,Falecido
101,a0i6g000005SkNSAA0,Falecido
102,a0i6g000005SKPHAA4,Falecido
103,a0i6g000005SkvKAAS,Falecido
104,a0i6g000005Smh1AAC,Falecido
105,a0i6g000005SnrhAAC,Falecido
106,a0i6g000005SPlyAAG,Falecido
107,a0i6g000005SS0xAAG,Falecido
108,a0i6g000005SUnHAAW,Falecido
109,a0i6g000005SVnCAAW,Falecido
110,a0i6g000005SvYCAA0,Falecido
111,a0i6g000005SwdAAAS,Falecido
112,a0i6g000005SwdKAAS,Falecido
113,a0i6g000005SwdLAAS,Falecido
114,a0i6g000005SwMOAA0,Falecido
115,a0i6g000005SwrEAAS,Falecido
116,a0i6g000005SWT0AAO,Falecido
117,a0i6g000005SXrOAAW,Falecido
118,a0i6g000005SxTcAAK,Falecido
119,a0i6g000005SxYtAAK,Falecido
120,a0i6g000005SxyzAAC,Falecido
121,a0i6g000005Sy5vAAC,Falecido
122,a0i6g000005SyEKAA0,Falecido
123,a0i6g000005T1bJAAS,Falecido
124,a0i6g000005T2dDAAS,Falecido
125,a0i6g000005T30YAAS,Falecido
126,a0i6g000005T492AAC,Falecido
127,a0i6g000005T49JAAS,Falecido
128,a0i6g000005T5bfAAC,Falecido
129,a0i6g000005T5LWAA0,Falecido
130,a0i6g000005T5sTAAS,Falecido
131,a0i6g000005T69oAAC,Falecido
132,a0i6g000005TFFmAAO,Falecido
133,a0i6g000005TiUvAAK,Falecido
134,a0i6g000006Da0KAAS,Falecido
135,a0i6g000006DasWAAS,Falecido
136,a0i6g000006DbP4AAK,Falecido
137,a0i6g000006dBQKAA2,Falecido
138,a0i6g000006DbTyAAK,Falecido
139,a0i6g000006Dcm3AAC,Falecido
140,a0i6g000006Dcn0AAC,Falecido
141,a0i6g000006DcscAAC,Falecido
142,a0i6g000006DdjoAAC,Falecido
143,a0i6g000006DdMDAA0,Falecido
144,a0i6g000006DdqFAAS,Falecido
145,a0i6g000006De3hAAC,Falecido
146,a0i6g000006De45AAC,Falecido
147,a0i6g000006De5QAAS,Falecido
148,a0i6g000006DeGjAAK,Falecido
149,a0i6g000006DeGvAAK,Falecido
150,a0i6g000006DeH0AAK,Falecido
151,a0i6g000006DeHwAAK,Falecido
152,a0i6g000006DelWAAS,Falecido
153,a0i6g000006DepjAAC,Falecido
154,a0i6g000006DexHAAS,Falecido
155,a0i6g000006Df9RAAS,Falecido
156,a0i6g000006DfELAA0,Falecido
157,a0i6g000006DffnAAC,Falecido
158,a0i6g000006Dfi4AAC,Falecido
159,a0i6g000006DgeYAAS,Falecido
160,a0i6g000006DgPaAAK,Falecido
161,a0i6g000006Dhj5AAC,Falecido
162,a0i6g000006DhJKAA0,Falecido
163,a0i6g000006DhQzAAK,Falecido
164,a0i6g000006DhsoAAC,Falecido
165,a0i6g000006DibeAAC,Falecido
166,a0i6g000006DiIJAA0,Falecido
167,a0i6g000006DiIZAA0,Falecido
168,a0i6g000006DiLfAAK,Falecido
169,a0i6g000006DiVbAAK,Falecido
170,a0i6g000006DixmAAC,Falecido
171,a0i6g000006DjgIAAS,Falecido
172,a0i6g000005eaAMAAY,Falecido
173,a0i6g000005eal6AAA,Falecido
174,a0i6g000005eaprAAA,Falecido
175,a0i6g000005edIKAAY,Falecido
176,a0i6g000005eeCPAAY,Falecido
177,a0i6g000005ef9yAAA,Falecido
178,a0i6g000005ej01AAA,Falecido
179,a0i6g000005eofPAAQ,Falecido
180,a0i6g000005eZ58AAE,Falecido
181,a0i6g000005fSrtAAE,Falecido
182,a0i6g000005gLRWAA2,Falecido
183,a0i6g000005lioiAAA,Falecido
184,a0i6g000005lke9AAA,Falecido
185,a0i6g000005m6FjAAI,Falecido
186,a0i6g000005mHqvAAE,Falecido
187,a0i6g000005mkn4AAA,Falecido
188,a0i6g000005ml6FAAQ,Falecido
189,a0i6g000005mOTXAA2,Falecido
190,a0i6g000005msXzAAI,Falecido
191,a0i6g000005mtBfAAI,Falecido
192,a0i6g000005mvt5AAA,Falecido
193,a0i6g000005mwBKAAY,Falecido
194,a0i6g000005mwiiAAA,Falecido
195,a0i6g000005mxDxAAI,Falecido
196,a0i6g000005mxRIAAY,Falecido
197,a0i6g000005mxrYAAQ,Falecido
198,a0i6g000005mxxzAAA,Falecido
199,a0i6g000005mxyOAAQ,Falecido
200,a0i6g000005mXz4AAE,Falecido
201,a0i6g000005my2iAAA,Falecido
202,a0i6g000005my6cAAA,Falecido
203,a0i6g000005mybKAAQ,Falecido
204,a0i6g000005myJMAAY,Falecido
205,a0i6g000005n1bWAAQ,Falecido
206,a0i6g000005nBclAAE,Falecido
207,a0i6g000005nBcPAAU,Falecido
208,a0i6g000005nBLhAAM,Falecido
209,a0i6g000005nBOEAA2,Falecido
210,a0i6g000005nBxxAAE,Falecido
211,a0i6g000005nC6MAAU,Falecido
212,a0i6g000005nD7jAAE,Falecido
213,a0i6g000005nDEqAAM,Falecido
214,a0i6g000005nDQMAA2,Falecido
215,a0i6g000005nE5cAAE,Falecido
216,a0i6g000005nEdhAAE,Falecido
217,a0i6g000005nEsCAAU,Falecido
218,a0i6g000005nFHSAA2,Falecido
219,a0i6g000005nFjxAAE,Falecido
220,a0i6g000005nG0bAAE,Falecido
221,a0i6g000005nGd5AAE,Falecido
222,a0i6g000005nGi6AAE,Falecido
223,a0i6g000005nHO9AAM,Falecido
224,a0i6g000005nIaIAAU,Falecido
225,a0i6g000005nIfBAAU,Falecido
226,a0i6g000005nJ9rAAE,Falecido
227,a0i6g000005nJGNAA2,Falecido
228,a0i6g000005nNsbAAE,Falecido
229,a0i6g000005nNZaAAM,Falecido
230,a0i6g000005nP7zAAE,Falecido
231,a0i6g000005nQDFAA2,Falecido
232,a0i6g000005nRbzAAE,Falecido
233,a0i6g000005nRKWAA2,Falecido
234,a0i6g000005nRMTAA2,Falecido
235,a0i6g000005nRWNAA2,Falecido
236,a0i6g000005oba0AAA,Falecido
237,a0i6g000005ogFKAAY,Falecido
238,a0i6g000005oSi6AAE,Falecido
239,a0i6g000005oTTgAAM,Falecido
240,a0i6g000005Qwc2AAC,Falecido
241,a0i6g000005QwokAAC,Falecido
242,a0i6g000005QxBHAA0,Falecido
243,a0i6g000005Qyz9AAC,Falecido
244,a0i6g000005QyZAAA0,Falecido
245,a0i6g000005R02KAAS,Falecido
246,a0i6g000005R3Q9AAK,Falecido
247,a0i6g000005R5SGAA0,Falecido
248,a0i6g000005R7O4AAK,Falecido
249,a0i6g000005R9KGAA0,Falecido
250,a0i6g000005R9uKAAS,Falecido
251,a0i6g000005RAGJAA4,Falecido
252,a0i6g000005RAJQAA4,Falecido
253,a0i6g000005RCEmAAO,Falecido
254,a0i6g000005RCmQAAW,Falecido
255,a0i6g000005RENoAAO,Falecido
256,a0i6g000005REw9AAG,Falecido
257,a0i6g000005RG6gAAG,Falecido
258,a0i6g000005RIFTAA4,Falecido
259,a0i6g000005RJU1AAO,Falecido
260,a0i6g000005RK8mAAG,Falecido
261,a0i6g000005RKEaAAO,Falecido
262,a0i6g000005RLUFAA4,Falecido
263,a0i6g000005RpxDAAS,Falecido
264,a0i6g000005S1ZcAAK,Falecido
265,a0i6g000005Sa4OAAS,Falecido
266,a0i6g000005SbMgAAK,Falecido
267,a0i6g000005SbNQAA0,Falecido
268,a0i6g000005SbT9AAK,Falecido
269,a0i6g000005SCl2AAG,Falecido
270,a0i6g000005ScqmAAC,Falecido
271,a0i6g000005SCt8AAG,Falecido
272,a0i6g000005SDXtAAO,Falecido
273,a0i6g000005SE9SAAW,Falecido
274,a0i6g000005SEaCAAW,Falecido
275,a0i6g000005SEhaAAG,Falecido
276,a0i6g000005SePUAA0,Falecido
277,a0i6g000005SfSNAA0,Falecido
278,a0i6g000005SfvCAAS,Falecido
279,a0i6g000005SfvxAAC,Falecido
280,a0i6g000005ShPbAAK,Falecido
281,a0i6g000005SHSNAA4,Falecido
282,a0i6g000005SIvSAAW,Falecido
283,a0i6g000005Sk9FAAS,Falecido
284,a0i6g000005SkZNAA0,Falecido
285,a0i6g000005SM6yAAG,Falecido
286,a0i6g000005SMk9AAG,Falecido
287,a0i6g000005SMyVAAW,Falecido
288,a0i6g000005SoZtAAK,Falecido
289,a0i6g000005SQnuAAG,Falecido
290,a0i6g000005SRCjAAO,Falecido
291,a0i6g000005SRG3AAO,Falecido
292,a0i6g000005SrLEAA0,Falecido
293,a0i6g000005SROZAA4,Falecido
294,a0i6g000005SSmFAAW,Falecido
295,a0i6g000005SUK5AAO,Falecido
296,a0i6g000005SVccAAG,Falecido
297,a0i6g000005SVoXAAW,Falecido
298,a0i6g000005SW81AAG,Falecido
299,a0i6g000005Swi0AAC,Falecido
300,a0i6g000005SwkGAAS,Falecido
301,a0i6g000005SwqRAAS,Falecido
302,a0i6g000005SWrUAAW,Falecido
303,a0i6g000005SxboAAC,Falecido
304,a0i6g000005SXDsAAO,Falecido
305,a0i6g000005SXjnAAG,Falecido
306,a0i6g000005SxXfAAK,Falecido
307,a0i6g000005SyGuAAK,Falecido
308,a0i6g000005SZ7RAAW,Falecido
309,a0i6g000005T5glAAC,Falecido
310,a0i6g000005TCLCAA4,Falecido
311,a0i6g000006aBvsAAE,Falecido
312,a0i6g000006aqF1AAI,Falecido
313,a0i6g000006awH6AAI,Falecido
314,a0i6g000006cd6hAAA,Falecido
315,a0i6g000006cMHCAA2,Falecido
316,a0i6g000006cndLAAQ,Falecido
317,a0i6g000006coycAAA,Falecido
318,a0i6g000006cSPcAAM,Falecido
319,a0i6g000006Da9TAAS,Falecido
320,a0i6g000006DaORAA0,Falecido
321,a0i6g000006DaUAAA0,Falecido
322,a0i6g000006Db9SAAS,Falecido
323,a0i6g000006DbgdAAC,Falecido
324,a0i6g000006DbGVAA0,Falecido
325,a0i6g000006DbNHAA0,Falecido
326,a0i6g000006DbS7AAK,Falecido
327,a0i6g000006DbueAAC,Falecido
328,a0i6g000006DcUPAA0,Falecido
329,a0i6g000006Dd0lAAC,Falecido
330,a0i6g000006Dd8gAAC,Falecido
331,a0i6g000006Ddj5AAC,Falecido
332,a0i6g000006DdzFAAS,Falecido
333,a0i6g000006De2zAAC,Falecido
334,a0i6g000006De8bAAC,Falecido
335,a0i6g000006DeHTAA0,Falecido
336,a0i6g000006DejOAAS,Falecido
337,a0i6g000006DetOAAS,Falecido
338,a0i6g000006Df6VAAS,Falecido
339,a0i6g000006Dfg5AAC,Falecido
340,a0i6g000006DfHjAAK,Falecido
341,a0i6g000006DfObAAK,Falecido
342,a0i6g000005ebuLAAQ,Falecido
343,a0i6g000005eeM3AAI,Falecido
344,a0i6g000005efRqAAI,Falecido
345,a0i6g000005ehDQAAY,Falecido
346,a0i6g000005eiwBAAQ,Falecido
347,a0i6g000005ejWsAAI,Falecido
348,a0i6g000005eloyAAA,Falecido
349,a0i6g000005emCSAAY,Falecido
350,a0i6g000005empeAAA,Falecido
351,a0i6g000005emvbAAA,Falecido
352,a0i6g000005eZKnAAM,Falecido
353,a0i6g000005eZwRAAU,Falecido
354,a0i6g000005fjJOAAY,Falecido
355,a0i6g000005frFQAAY,Falecido
356,a0i6g000005gP93AAE,Falecido
357,a0i6g000005m5aCAAQ,Falecido
358,a0i6g000005m6FyAAI,Falecido
359,a0i6g000005m6OTAAY,Falecido
360,a0i6g000005mJ6PAAU,Falecido
361,a0i6g000005mJ7nAAE,Falecido
362,a0i6g000005mJb4AAE,Falecido
363,a0i6g000005mnuFAAQ,Falecido
364,a0i6g000005mqOsAAI,Falecido
365,a0i6g000005mqw3AAA,Falecido
366,a0i6g000005mrNyAAI,Falecido
367,a0i6g000005msL3AAI,Falecido
368,a0i6g000005mut0AAA,Falecido
369,a0i6g000005mw03AAA,Falecido
370,a0i6g000005mWNDAA2,Falecido
371,a0i6g000005mxKpAAI,Falecido
372,a0i6g000005mxLFAAY,Falecido
373,a0i6g000005myXdAAI,Falecido
374,a0i6g000005nBA4AAM,Falecido
375,a0i6g000005nBNyAAM,Falecido
376,a0i6g000005nBXHAA2,Falecido
377,a0i6g000005nDdyAAE,Falecido
378,a0i6g000005nDUUAA2,Falecido
379,a0i6g000005nF51AAE,Falecido
380,a0i6g000005nFMpAAM,Falecido
381,a0i6g000005nGczAAE,Falecido
382,a0i6g000005nIYGAA2,Falecido
383,a0i6g000005nOLyAAM,Falecido
384,a0i6g000005nRbcAAE,Falecido
385,a0i6g000005obZrAAI,Falecido
386,a0i6g000005oTptAAE,Falecido
387,a0i6g000005oTQpAAM,Falecido
388,a0i6g000005oTwTAAU,Falecido
389,a0i6g000005QyQCAA0,Falecido
390,a0i6g000005R67dAAC,Falecido
391,a0i6g000005RBttAAG,Falecido
392,a0i6g000005RbuuAAC,Falecido
393,a0i6g000005RCiCAAW,Falecido
394,a0i6g000005REgLAAW,Falecido
395,a0i6g000005RHaUAAW,Falecido
396,a0i6g000005RHLlAAO,Falecido
397,a0i6g000005RI2rAAG,Falecido
398,a0i6g000005RIbFAAW,Falecido
399,a0i6g000005RIWxAAO,Falecido
400,a0i6g000005RPXsAAO,Falecido
401,a0i6g000005SacdAAC,Falecido
402,a0i6g000005Sc8qAAC,Falecido
403,a0i6g000005SCU2AAO,Falecido
404,a0i6g000005SDgeAAG,Falecido
405,a0i6g000005SDOHAA4,Falecido
406,a0i6g000005SeMKAA0,Falecido
407,a0i6g000005SEmlAAG,Falecido
408,a0i6g000005SEW4AAO,Falecido
409,a0i6g000005SFmnAAG,Falecido
410,a0i6g000005SFqHAAW,Falecido
411,a0i6g000005SfU5AAK,Falecido
412,a0i6g000005SfWVAA0,Falecido
413,a0i6g000005SgAOAA0,Falecido
414,a0i6g000005SHbZAAW,Falecido
415,a0i6g000005SI0lAAG,Falecido
416,a0i6g000005SI7OAAW,Falecido
417,a0i6g000005SIrvAAG,Falecido
418,a0i6g000005SkLPAA0,Falecido
419,a0i6g000005SlCAAA0,Falecido
420,a0i6g000005Snl7AAC,Falecido
421,a0i6g000005SNqsAAG,Falecido
422,a0i6g000005SoC5AAK,Falecido
423,a0i6g000005SoZsAAK,Falecido
424,a0i6g000005SPEQAA4,Falecido
425,a0i6g000005SPTKAA4,Falecido
426,a0i6g000005SR3DAAW,Falecido
427,a0i6g000005Ss97AAC,Falecido
428,a0i6g000005Ssr8AAC,Falecido
429,a0i6g000005SU6GAAW,Falecido
430,a0i6g000005SuCXAA0,Falecido
431,a0i6g000005SuJ9AAK,Falecido
432,a0i6g000005Suy7AAC,Falecido
433,a0i6g000005SvPdAAK,Falecido
434,a0i6g000005Sw8SAAS,Falecido
435,a0i6g000005SwzAAAS,Falecido
436,a0i6g000005SxLHAA0,Falecido
437,a0i6g000005SxSrAAK,Falecido
438,a0i6g000005SxwLAAS,Falecido
439,a0i6g000005SxXzAAK,Falecido
440,a0i6g000005Sy3iAAC,Falecido
441,a0i6g000005SyBPAA0,Falecido
442,a0i6g000005SyGbAAK,Falecido
443,a0i6g000005SYQ5AAO,Falecido
444,a0i6g000005SYUtAAO,Falecido
445,a0i6g000005T3RrAAK,Falecido
446,a0i6g000005T5MnAAK,Falecido
447,a0i6g000005T9AtAAK,Falecido
448,a0i6g000005TDOBAA4,Falecido
449,a0i6g000006aXzvAAE,Falecido
450,a0i6g000006bpw5AAA,Falecido
451,a0i6g000006bxePAAQ,Falecido
452,a0i6g000006DaBWAA0,Falecido
453,a0i6g000006DakOAAS,Falecido
454,a0i6g000006DarrAAC,Falecido
455,a0i6g000006Db7vAAC,Falecido
456,a0i6g000006DbF9AAK,Falecido
457,a0i6g000006DcFqAAK,Falecido
458,a0i6g000006Dd1lAAC,Falecido
459,a0i6g000006Dd8LAAS,Falecido
460,a0i6g000006DdCOAA0,Falecido
461,a0i6g000006DdlZAAS,Falecido
462,a0i6g000006Ddr1AAC,Falecido
463,a0i6g000006DdZDAA0,Falecido
464,a0i6g000006DeBhAAK,Falecido
465,a0i6g000006DeCUAA0,Falecido
466,a0i6g000006DefJAAS,Falecido
467,a0i6g000006DenKAAS,Falecido
468,a0i6g000006DezkAAC,Falecido
469,a0i6g000006DfEPAA0,Falecido
470,a0i6g000006dfj2AAA,Falecido
471,a0i6g000006DfnGAAS,Falecido
472,a0i6g000006DfrcAAC,Falecido
473,a0i6g000006DftCAAS,Falecido
474,a0i6g000006DfTIAA0,Falecido
475,a0i6g000006DgeZAAS,Falecido
476,a0i6g000006DgiBAAS,Falecido
477,a0i6g000006Dgn8AAC,Falecido
478,a0i6g000006DgscAAC,Falecido
479,a0i6g000006DgyvAAC,Falecido
480,a0i6g000006DgzFAAS,Falecido
481,a0i6g000006Dhd6AAC,Falecido
482,a0i6g000006DhdqAAC,Falecido
483,a0i6g000006DhhZAAS,Falecido
484,a0i6g000006Dho0AAC,Falecido
485,a0i6g000006DhopAAC,Falecido
486,a0i6g000006DhTmAAK,Falecido
487,a0i6g000006DhXBAA0,Falecido
488,a0i6g000006DhymAAC,Falecido
489,a0i6g000006Di5nAAC,Falecido
490,a0i6g000006DiF4AAK,Falecido
491,a0i6g000006DiHaAAK,Falecido
492,a0i6g000006DiJxAAK,Falecido
493,a0i6g000006DiKKAA0,Falecido
494,a0i6g000006DiPZAA0,Falecido
495,a0i6g000006DisnAAC,Falecido
496,a0i6g000006DitDAAS,Falecido
497,a0i6g000006DixuAAC,Falecido
498,a0i6g000006DjO9AAK,Falecido
499,a0i6g000006DjXOAA0,Falecido
500,a0i6g000006DjzCAAS,Falecido
501,a0i6g000006DkWDAA0,Falecido
502,a0i6g000006DljqAAC,Falecido
503,a0i6g000006DlM0AAK,Falecido
504,a0i6g000006Dlo0AAC,Falecido
505,a0i6g000006DmbAAAS,Falecido
506,a0i6g000006DmfjAAC,Falecido
507,a0i6g000006DmhRAAS,Falecido
508,a0i6g000006DmnAAAS,Falecido
509,a0i6g000006DmWJAA0,Falecido
510,a0i6g000006DmZNAA0,Falecido
511,a0i6g000006DnB3AAK,Falecido
512,a0i6g000005ea1jAAA,Falecido
513,a0i6g000005ebu6AAA,Falecido
514,a0i6g000005eeFzAAI,Falecido
515,a0i6g000005efhkAAA,Falecido
516,a0i6g000005eiwnAAA,Falecido
517,a0i6g000005ej6nAAA,Falecido
518,a0i6g000005emz0AAA,Falecido
519,a0i6g000005fhewAAA,Falecido
520,a0i6g000005gJfOAAU,Falecido
521,a0i6g000005gQPCAA2,Falecido
522,a0i6g000005lvS6AAI,Falecido
523,a0i6g000005m6fJAAQ,Falecido
524,a0i6g000005m6JXAAY,Falecido
525,a0i6g000005m9IeAAI,Falecido
526,a0i6g000005m9JfAAI,Falecido
527,a0i6g000005m9JpAAI,Falecido
528,a0i6g000005mlZ3AAI,Falecido
529,a0i6g000005mslgAAA,Falecido
530,a0i6g000005mv3eAAA,Falecido
531,a0i6g000005mvq4AAA,Falecido
532,a0i6g000005mw28AAA,Falecido
533,a0i6g000005mxFCAAY,Falecido
534,a0i6g000005mxwkAAA,Falecido
535,a0i6g000005myOYAAY,Falecido
536,a0i6g000005nBcyAAE,Falecido
537,a0i6g000005nBkHAAU,Falecido
538,a0i6g000005nC8MAAU,Falecido
539,a0i6g000005nC9dAAE,Falecido
540,a0i6g000005nCngAAE,Falecido
541,a0i6g000005nD7uAAE,Falecido
542,a0i6g000005nD8PAAU,Falecido
543,a0i6g000005nDKcAAM,Falecido
544,a0i6g000005nEoaAAE,Falecido
545,a0i6g000005nEQXAA2,Falecido
546,a0i6g000005nEtDAAU,Falecido
547,a0i6g000005nEuiAAE,Falecido
548,a0i6g000005nFUyAAM,Falecido
549,a0i6g000005nFVsAAM,Falecido
550,a0i6g000005nG1hAAE,Falecido
551,a0i6g000005nG1QAAU,Falecido
552,a0i6g000005nGb2AAE,Falecido
553,a0i6g000005nGusAAE,Falecido
554,a0i6g000005nH5wAAE,Falecido
555,a0i6g000005nHi6AAE,Falecido
556,a0i6g000005nIDXAA2,Falecido
557,a0i6g000005nIpfAAE,Falecido
558,a0i6g000005nJ5tAAE,Falecido
559,a0i6g000005nK64AAE,Falecido
560,a0i6g000005nO1FAAU,Falecido
561,a0i6g000005nOCmAAM,Falecido
562,a0i6g000005nOr3AAE,Falecido
563,a0i6g000005nQHCAA2,Falecido
564,a0i6g000005nRKpAAM,Falecido
565,a0i6g000005obk2AAA,Falecido
566,a0i6g000005obZLAAY,Falecido
567,a0i6g000005oSaxAAE,Falecido
568,a0i6g000005oTdbAAE,Falecido
569,a0i6g000005oUDBAA2,Falecido
570,a0i6g000005QyfwAAC,Falecido
571,a0i6g000005QygLAAS,Falecido
572,a0i6g000005QzsPAAS,Falecido
573,a0i6g000005R4UjAAK,Falecido
574,a0i6g000005R7CYAA0,Falecido
575,a0i6g000005R7JvAAK,Falecido
576,a0i6g000005R97SAAS,Falecido
577,a0i6g000005RAMmAAO,Falecido
578,a0i6g000005RAoEAAW,Falecido
579,a0i6g000005RBK9AAO,Falecido
580,a0i6g000005RBL8AAO,Falecido
581,a0i6g000005RBvkAAG,Falecido
582,a0i6g000005RCDNAA4,Falecido
583,a0i6g000005RD08AAG,Falecido
584,a0i6g000005REV6AAO,Falecido
585,a0i6g000005RH9UAAW,Falecido
586,a0i6g000005RHLjAAO,Falecido
587,a0i6g000005RI43AAG,Falecido
588,a0i6g000005RKEvAAO,Falecido
589,a0i6g000005RKfcAAG,Falecido
590,a0i6g000005RPgrAAG,Falecido
591,a0i6g000005SbogAAC,Falecido
592,a0i6g000005SeJUAA0,Falecido
593,a0i6g000005SezpAAC,Falecido
594,a0i6g000005SfzWAAS,Falecido
595,a0i6g000005SGfVAAW,Falecido
596,a0i6g000005SHG3AAO,Falecido
597,a0i6g000005SHHiAAO,Falecido
598,a0i6g000005SHhrAAG,Falecido
599,a0i6g000005Sju1AAC,Falecido
600,a0i6g000005Sk48AAC,Falecido
601,a0i6g000005SkFtAAK,Falecido
602,a0i6g000005SKkGAAW,Falecido
603,a0i6g000005SKMZAA4,Falecido
604,a0i6g000005Sm4LAAS,Falecido
605,a0i6g000005SmXDAA0,Falecido
606,a0i6g000005SN6zAAG,Falecido
607,a0i6g000005SRdoAAG,Falecido
608,a0i6g000005SrWNAA0,Falecido
609,a0i6g000005SsCqAAK,Falecido
610,a0i6g000005STmaAAG,Falecido
611,a0i6g000005SWUpAAO,Falecido
612,a0i6g000005SxXGAA0,Falecido
613,a0i6g000005SyNtAAK,Falecido
614,a0i6g000005SYO4AAO,Falecido
615,a0i6g000005SZQrAAO,Falecido
616,a0i6g000005SZWoAAO,Falecido
617,a0i6g000005T2A3AAK,Falecido
618,a0i6g000005T30LAAS,Falecido
619,a0i6g000005T5IbAAK,Falecido
620,a0i6g000005TaaHAAS,Falecido
621,a0i6g000005TLqGAAW,Falecido
622,a0i6g000006aJusAAE,Falecido
623,a0i6g000006aqx0AAA,Falecido
624,a0i6g000006aSNxAAM,Falecido
625,a0i6g000006buGYAAY,Falecido
626,a0i6g000006c8HnAAI,Falecido
627,a0i6g000006cVhaAAE,Falecido
628,a0i6g000006DaA1AAK,Falecido
629,a0i6g000006DaMnAAK,Falecido
630,a0i6g000006DaNkAAK,Falecido
631,a0i6g000006DapkAAC,Falecido
632,a0i6g000006DbHeAAK,Falecido
633,a0i6g000006DbwgAAC,Falecido
634,a0i6g000006DcfeAAC,Falecido
635,a0i6g000006Dd2wAAC,Falecido
636,a0i6g000006DdN5AAK,Falecido
637,a0i6g000006De8OAAS,Falecido
638,a0i6g000006DekDAAS,Falecido
639,a0i6g000006DeT3AAK,Falecido
640,a0i6g000006Df3bAAC,Falecido
641,a0i6g000006Df6pAAC,Falecido
642,a0i6g000006Df8jAAC,Falecido
643,a0i6g000006DfEDAA0,Falecido
644,a0i6g000006DfOKAA0,Falecido
645,a0i6g000006DfpfAAC,Falecido
646,a0i6g000006Dfz9AAC,Falecido
647,a0i6g000006DgBFAA0,Falecido
648,a0i6g000006DgBmAAK,Falecido
649,a0i6g000006DgjHAAS,Falecido
650,a0i6g000006DgLaAAK,Falecido
651,a0i6g000006Dh1kAAC,Falecido
652,a0i6g000006Dho6AAC,Falecido
653,a0i6g000006Di4gAAC,Falecido
654,a0i6g000006DiaVAAS,Falecido
655,a0i6g000006DiHoAAK,Falecido
656,a0i6g000006DiTIAA0,Falecido
657,a0i6g000006DityAAC,Falecido
658,a0i6g000006DjAzAAK,Falecido
659,a0i6g000006Djb8AAC,Falecido
660,a0i6g000006DkdxAAC,Falecido
661,a0i6g000006DkysAAC,Falecido
662,a0i6g000006DlPwAAK,Falecido
663,a0i6g000006Dlq5AAC,Falecido
664,a0i6g000006DlT0AAK,Falecido
665,a0i6g000006DmldAAC,Falecido
666,a0i6g000006DmMMAA0,Falecido
667,a0i6g000006Dn8KAAS,Falecido
668,a0i6g000006Dni3AAC,Falecido
669,a0i6g000006Dnj4AAC,Falecido
670,a0i6g000006Dnm8AAC,Falecido
671,a0i6g000006DnSUAA0,Falecido
672,a0i6g000006DnzwAAC,Falecido
673,a0i6g000006DoefAAC,Falecido
674,a0i6g000006DoOZAA0,Falecido
675,a0i6g000006DosaAAC,Falecido
676,a0i6g000006DpeuAAC,Falecido
677,a0i6g000006DpObAAK,Falecido
678,a0i6g000006DpTDAA0,Falecido
679,a0i6g000006DqFlAAK,Falecido
680,a0i6g000006Dr2UAAS,Falecido
681,a0i6g000006Ds8zAAC,Falecido
682,a0i6g000006DfsNAAS,Falecido
683,a0i6g000006DfZoAAK,Falecido
684,a0i6g000006Dg44AAC,Falecido
685,a0i6g000006Dg4XAAS,Falecido
686,a0i6g000006DgISAA0,Falecido
687,a0i6g000006DgmTAAS,Falecido
688,a0i6g000006DgtBAAS,Falecido
689,a0i6g000006Dh5LAAS,Falecido
690,a0i6g000006DhypAAC,Falecido
691,a0i6g000006Di3JAAS,Falecido
692,a0i6g000006Di57AAC,Falecido
693,a0i6g000006DibPAAS,Falecido
694,a0i6g000006DiICAA0,Falecido
695,a0i6g000006DisWAAS,Falecido
696,a0i6g000006Dj8GAAS,Falecido
697,a0i6g000006DjP1AAK,Falecido
698,a0i6g000006DjrdAAC,Falecido
699,a0i6g000006DkVdAAK,Falecido
700,a0i6g000006DkVYAA0,Falecido
701,a0i6g000006DkZ0AAK,Falecido
702,a0i6g000006DlZCAA0,Falecido
703,a0i6g000006DmDdAAK,Falecido
704,a0i6g000006DmdxAAC,Falecido
705,a0i6g000006DmOHAA0,Falecido
706,a0i6g000006DmrVAAS,Falecido
707,a0i6g000006Dn1vAAC,Falecido
708,a0i6g000006DnMbAAK,Falecido
709,a0i6g000006DnmSAAS,Falecido
710,a0i6g000006DnqbAAC,Falecido
711,a0i6g000006DnRqAAK,Falecido
712,a0i6g000006DnTcAAK,Falecido
713,a0i6g000006Do76AAC,Falecido
714,a0i6g000006dofwAAA,Falecido
715,a0i6g000006DoglAAC,Falecido
716,a0i6g000006Dp0hAAC,Falecido
717,a0i6g000006DpCbAAK,Falecido
718,a0i6g000006DpI7AAK,Falecido
719,a0i6g000006DpnWAAS,Falecido
720,a0i6g000006Dpo2AAC,Falecido
721,a0i6g000006DpqYAAS,Falecido
722,a0i6g000006Dq8IAAS,Falecido
723,a0i6g000006DSaBAAW,Falecido
724,a0i6g000006DsGHAA0,Falecido
725,a0i6g000006DsKzAAK,Falecido
726,a0i6g000006DslpAAC,Falecido
727,a0i6g000006DssGAAS,Falecido
728,a0i6g000006DsuJAAS,Falecido
729,a0i6g000006DsvIAAS,Falecido
730,a0i6g000006Dt4xAAC,Falecido
731,a0i6g000006Dt9WAAS,Falecido
732,a0i6g000006DtgDAAS,Falecido
733,a0i6g000006DtmJAAS,Falecido
734,a0i6g000006DtQLAA0,Falecido
735,a0i6g000006DtQSAA0,Falecido
736,a0i6g000006DtZhAAK,Falecido
737,a0i6g000006DuaSAAS,Falecido
738,a0i6g000006Due6AAC,Falecido
739,a0i6g000006DuLBAA0,Falecido
740,a0i6g000006DuZyAAK,Falecido
741,a0i6g000006Dv9KAAS,Falecido
742,a0i6g000006DV9KAAW,Falecido
743,a0i6g000006Dv9mAAC,Falecido
744,a0i6g000006DVbhAAG,Falecido
745,a0i6g000006DvBVAA0,Falecido
746,a0i6g000006DVdmAAG,Falecido
747,a0i6g000006DVhZAAW,Falecido
748,a0i6g000006DvKmAAK,Falecido
749,a0i6g000006DVPVAA4,Falecido
750,a0i6g000006DVueAAG,Falecido
751,a0i6g000006DWaNAAW,Falecido
752,a0i6g000006Dwd5AAC,Falecido
753,a0i6g000006DwDIAA0,Falecido
754,a0i6g000006DWlbAAG,Falecido
755,a0i6g000006DWPIAA4,Falecido
756,a0i6g000006DwsOAAS,Falecido
757,a0i6g000006DX6HAAW,Falecido
758,a0i6g000006DXCiAAO,Falecido
759,a0i6g000006DXoEAAW,Falecido
760,a0i6g000006DxotAAC,Falecido
761,a0i6g000006DxOtAAK,Falecido
762,a0i6g000006DxPlAAK,Falecido
763,a0i6g000006Dy2TAAS,Falecido
764,a0i6g000006DycBAAS,Falecido
765,a0i6g000006DYDlAAO,Falecido
766,a0i6g000006DYhYAAW,Falecido
767,a0i6g000006DYRDAA4,Falecido
768,a0i6g000006DYTdAAO,Falecido
769,a0i6g000006DYxJAAW,Falecido
770,a0i6g000006DYZFAA4,Falecido
771,a0i6g000006DzToAAK,Falecido
772,a0i6g000006DZwVAAW,Falecido
773,a0i6g000006E01VAAS,Falecido
774,a0i6g000006E02mAAC,Falecido
775,a0i6g000006E0EyAAK,Falecido
776,a0i6g000006E0I1AAK,Falecido
777,a0i6g000006E0p4AAC,Falecido
778,a0i6g000006E0PWAA0,Falecido
779,a0i6g000006E0rIAAS,Falecido
780,a0i6g000006E0rsAAC,Falecido
781,a0i6g000006E0u7AAC,Falecido
782,a0i6g000006E0YjAAK,Falecido
783,a0i6g000006E1bEAAS,Falecido
784,a0i6g000006E1I2AAK,Falecido
785,a0i6g000006E1vqAAC,Falecido
786,a0i6g000006E21AAAS,Falecido
787,a0i6g000006E2PUAA0,Falecido
788,a0i6g000006E2RjAAK,Falecido
789,a0i6g000006E3qQAAS,Falecido
790,a0i6g000006E46oAAC,Falecido
791,a0i6g000006E58vAAC,Falecido
792,a0i6g000006E5A4AAK,Falecido
793,a0i6g000006E5djAAC,Falecido
794,a0i6g000006E5SUAA0,Falecido
795,a0i6g000006E5tiAAC,Falecido
796,a0i6g000006E5wbAAC,Falecido
797,a0i6g000006E5yGAAS,Falecido
798,a0i6g000006E5YyAAK,Falecido
799,a0i6g000006E5ZnAAK,Falecido
800,a0i6g000006E64WAAS,Falecido
801,a0i6g000006E68xAAC,Falecido
802,a0i6g000006E7Q6AAK,Falecido
803,a0i6g000006E80uAAC,Falecido
804,a0i6g000006E8isAAC,Falecido
805,a0i6g000006E8ROAA0,Falecido
806,a0i6g000006E8uuAAC,Falecido
807,a0i6g000006E93WAAS,Falecido
808,a0i6g000006E9FdAAK,Falecido
809,a0i6g000006E9QAAA0,Falecido
810,a0i6g000006E9t4AAC,Falecido
811,a0i6g000006EA12AAG,Falecido
812,a0i6g000006Ea2NAAS,Falecido
813,a0i6g000006Ea3PAAS,Falecido
814,a0i6g000006EAGQAA4,Falecido
815,a0i6g000006EAIrAAO,Falecido
816,a0i6g000006EAjiAAG,Falecido
817,a0i6g000006EaLsAAK,Falecido
818,a0i6g000006EaqCAAS,Falecido
819,a0i6g000006EatdAAC,Falecido
820,a0i6g000006EaWdAAK,Falecido
821,a0i6g000006EaXSAA0,Falecido
822,a0i6g000006EBd4AAG,Falecido
823,a0i6g000006EBGQAA4,Falecido
824,a0i6g000006EbH0AAK,Falecido
825,a0i6g000006EBIDAA4,Falecido
826,a0i6g000006EBK3AAO,Falecido
827,a0i6g000006EbkEAAS,Falecido
828,a0i6g000006EBKUAA4,Falecido
829,a0i6g000006EBq1AAG,Falecido
830,a0i6g000006EBqiAAG,Falecido
831,a0i6g000006EBRvAAO,Falecido
832,a0i6g000006EBRWAA4,Falecido
833,a0i6g000006Ec5wAAC,Falecido
834,a0i6g000006EC6OAAW,Falecido
835,a0i6g000006Ec7NAAS,Falecido
836,a0i6g000006Ec8FAAS,Falecido
837,a0i6g000006Ec8sAAC,Falecido
838,a0i6g000006EcAfAAK,Falecido
839,a0i6g000006ECfeAAG,Falecido
840,a0i6g000006ECJeAAO,Falecido
841,a0i6g000006EcLYAA0,Falecido
842,a0i6g000006ECnUAAW,Falecido
843,a0i6g000006ECs6AAG,Falecido
844,a0i6g000006EcVYAA0,Falecido
845,a0i6g000006EcX8AAK,Falecido
846,a0i6g000006EcXhAAK,Falecido
847,a0i6g000006ECZDAA4,Falecido
848,a0i6g000006ECZPAA4,Falecido
849,a0i6g000006Ed9vAAC,Falecido
850,a0i6g000006EdG0AAK,Falecido
851,a0i6g000006EdirAAC,Falecido
852,a0i6g000006DjkbAAC,Falecido
853,a0i6g000006DjOQAA0,Falecido
854,a0i6g000006DjsJAAS,Falecido
855,a0i6g000006DjxwAAC,Falecido
856,a0i6g000006DkeFAAS,Falecido
857,a0i6g000006DkRMAA0,Falecido
858,a0i6g000006DkRWAA0,Falecido
859,a0i6g000006DkTFAA0,Falecido
860,a0i6g000006DlIpAAK,Falecido
861,a0i6g000006DlKUAA0,Falecido
862,a0i6g000006DlqCAAS,Falecido
863,a0i6g000006DmAVAA0,Falecido
864,a0i6g000006DmPuAAK,Falecido
865,a0i6g000006DmRQAA0,Falecido
866,a0i6g000006DnanAAC,Falecido
867,a0i6g000006DnhEAAS,Falecido
868,a0i6g000006DnUgAAK,Falecido
869,a0i6g000006Do6pAAC,Falecido
870,a0i6g000006Do8JAAS,Falecido
871,a0i6g000006DodbAAC,Falecido
872,a0i6g000006DotHAAS,Falecido
873,a0i6g000006DowWAAS,Falecido
874,a0i6g000006Dpe1AAC,Falecido
875,a0i6g000006Dpl1AAC,Falecido
876,a0i6g000006DpmyAAC,Falecido
877,a0i6g000006DpPLAA0,Falecido
878,a0i6g000006DpvAAAS,Falecido
879,a0i6g000006DpySAAS,Falecido
880,a0i6g000006DqdFAAS,Falecido
881,a0i6g000006DqKgAAK,Falecido
882,a0i6g000006DqTKAA0,Falecido
883,a0i6g000006DqXAAA0,Falecido
884,a0i6g000006DrfzAAC,Falecido
885,a0i6g000006DrmuAAC,Falecido
886,a0i6g000006DSbuAAG,Falecido
887,a0i6g000006DscRAAS,Falecido
888,a0i6g000006DsowAAC,Falecido
889,a0i6g000006DsukAAC,Falecido
890,a0i6g000006Dt2pAAC,Falecido
891,a0i6g000006DTgIAAW,Falecido
892,a0i6g000006DtpKAAS,Falecido
893,a0i6g000006DtrIAAS,Falecido
894,a0i6g000006DtrwAAC,Falecido
895,a0i6g000006DtUXAA0,Falecido
896,a0i6g000006DtxJAAS,Falecido
897,a0i6g000006DtyOAAS,Falecido
898,a0i6g000006DUnGAAW,Falecido
899,a0i6g000006DuNWAA0,Falecido
900,a0i6g000006DuOMAA0,Falecido
901,a0i6g000006DustAAC,Falecido
902,a0i6g000006DvAvAAK,Falecido
903,a0i6g000006DVFJAA4,Falecido
904,a0i6g000006DvLFAA0,Falecido
905,a0i6g000006DvNfAAK,Falecido
906,a0i6g000006DVngAAG,Falecido
907,a0i6g000006DVrwAAG,Falecido
908,a0i6g000006DvtmAAC,Falecido
909,a0i6g000006DVWTAA4,Falecido
910,a0i6g000006DwGDAA0,Falecido
911,a0i6g000006DwYEAA0,Falecido
912,a0i6g000006Dwz6AAC,Falecido
913,a0i6g000006DxkFAAS,Falecido
914,a0i6g000006DxKPAA0,Falecido
915,a0i6g000006DXmdAAG,Falecido
916,a0i6g000006DY1MAAW,Falecido
917,a0i6g000006DyCWAA0,Falecido
918,a0i6g000006DyfmAAC,Falecido
919,a0i6g000006DYpnAAG,Falecido
920,a0i6g000006DyryAAC,Falecido
921,a0i6g000006DyU6AAK,Falecido
922,a0i6g000006DYYrAAO,Falecido
923,a0i6g000006Dz0TAAS,Falecido
924,a0i6g000006Dz2fAAC,Falecido
925,a0i6g000006DZ9XAAW,Falecido
926,a0i6g000006DzAOAA0,Falecido
927,a0i6g000006DZLKAA4,Falecido
928,a0i6g000006Dzr8AAC,Falecido
929,a0i6g000006DZsrAAG,Falecido
930,a0i6g000006E0B0AAK,Falecido
931,a0i6g000006E0JPAA0,Falecido
932,a0i6g000006E0vlAAC,Falecido
933,a0i6g000006E122AAC,Falecido
934,a0i6g000006E1H1AAK,Falecido
935,a0i6g000006E1vvAAC,Falecido
936,a0i6g000006E20aAAC,Falecido
937,a0i6g000006E25QAAS,Falecido
938,a0i6g000006E2dcAAC,Falecido
939,a0i6g000006E2iUAAS,Falecido
940,a0i6g000006E2JmAAK,Falecido
941,a0i6g000006E2kfAAC,Falecido
942,a0i6g000006E2q3AAC,Falecido
943,a0i6g000006E2Z4AAK,Falecido
944,a0i6g000006E2zaAAC,Falecido
945,a0i6g000006E2ZXAA0,Falecido
946,a0i6g000006E35hAAC,Falecido
947,a0i6g000006E3deAAC,Falecido
948,a0i6g000006E3kqAAC,Falecido
949,a0i6g000006E3LjAAK,Falecido
950,a0i6g000006E3QHAA0,Falecido
951,a0i6g000006E3voAAC,Falecido
952,a0i6g000006E57lAAC,Falecido
953,a0i6g000006E5AdAAK,Falecido
954,a0i6g000006E5FRAA0,Falecido
955,a0i6g000006E5Z1AAK,Falecido
956,a0i6g000006E6cpAAC,Falecido
957,a0i6g000006E6HuAAK,Falecido
958,a0i6g000006E6VyAAK,Falecido
959,a0i6g000006E7eeAAC,Falecido
960,a0i6g000006E7PzAAK,Falecido
961,a0i6g000006E80IAAS,Falecido
962,a0i6g000006E81sAAC,Falecido
963,a0i6g000006E88SAAS,Falecido
964,a0i6g000006E8b0AAC,Falecido
965,a0i6g000006E8w9AAC,Falecido
966,a0i6g000006E8wxAAC,Falecido
967,a0i6g000006E8x0AAC,Falecido
968,a0i6g000006E8x8AAC,Falecido
969,a0i6g000006E8xGAAS,Falecido
970,a0i6g000006E99oAAC,Falecido
971,a0i6g000006E9BDAA0,Falecido
972,a0i6g000006E9uEAAS,Falecido
973,a0i6g000006EA9nAAG,Falecido
974,a0i6g000006EAjCAAW,Falecido
975,a0i6g000006EaJGAA0,Falecido
976,a0i6g000006EAJJAA4,Falecido
977,a0i6g000006EaMXAA0,Falecido
978,a0i6g000006EapjAAC,Falecido
979,a0i6g000006EAqTAAW,Falecido
980,a0i6g000006EArwAAG,Falecido
981,a0i6g000006EaVaAAK,Falecido
982,a0i6g000006EaVFAA0,Falecido
983,a0i6g000006EAZEAA4,Falecido
984,a0i6g000006Ebe8AAC,Falecido
985,a0i6g000006EbeCAAS,Falecido
986,a0i6g000006EBqGAAW,Falecido
987,a0i6g000006EBTUAA4,Falecido
988,a0i6g000006EBUXAA4,Falecido
989,a0i6g000006EBuxAAG,Falecido
990,a0i6g000006EbwjAAC,Falecido
991,a0i6g000006Ec4YAAS,Falecido
992,a0i6g000006EC7mAAG,Falecido
993,a0i6g000006ECEvAAO,Falecido
994,a0i6g000006ECHIAA4,Falecido
995,a0i6g000006EckGAAS,Falecido
996,a0i6g000006EcNHAA0,Falecido
997,a0i6g000006ECoqAAG,Falecido
998,a0i6g000006EcrgAAC,Falecido
999,a0i6g000006EcVFAA0,Falecido
1000,a0i6g000006ECvwAAG,Falecido
1001,a0i6g000006EcwLAAS,Falecido
1002,a0i6g000006EcxmAAC,Falecido
1003,a0i6g000006ED46AAG,Falecido
1004,a0i6g000006ED4qAAG,Falecido
1005,a0i6g000006EDAuAAO,Falecido
1006,a0i6g000006EdcuAAC,Falecido
1007,a0i6g000006EDMAAA4,Falecido
1008,a0i6g000006EdOkAAK,Falecido
1009,a0i6g000006EdRoAAK,Falecido
1010,a0i6g000006EDwtAAG,Falecido
1011,a0i6g000006EdYgAAK,Falecido
1012,a0i6g000006Ee00AAC,Falecido
1013,a0i6g000006EE5PAAW,Falecido
1014,a0i6g000006EeAEAA0,Falecido
1015,a0i6g000006EEALAA4,Falecido
1016,a0i6g000006EEB2AAO,Falecido
1017,a0i6g000006EebdAAC,Falecido
1018,a0i6g000006EEF1AAO,Falecido
1019,a0i6g000006EEjnAAG,Falecido
1020,a0i6g000006EenEAAS,Falecido
1021,a0i6g000006EeNYAA0,Falecido
1022,a0i6g000006DnbzAAC,Falecido
1023,a0i6g000006DnMcAAK,Falecido
1024,a0i6g000006DnopAAC,Falecido
1025,a0i6g000006Dny1AAC,Falecido
1026,a0i6g000006DnyFAAS,Falecido
1027,a0i6g000006DoWyAAK,Falecido
1028,a0i6g000006DoxwAAC,Falecido
1029,a0i6g000006Dp8vAAC,Falecido
1030,a0i6g000006DpeUAAS,Falecido
1031,a0i6g000006DphfAAC,Falecido
1032,a0i6g000006DpKwAAK,Falecido
1033,a0i6g000006DpLuAAK,Falecido
1034,a0i6g000006DpSdAAK,Falecido
1035,a0i6g000006DpuJAAS,Falecido
1036,a0i6g000006DqFHAA0,Falecido
1037,a0i6g000006DqG1AAK,Falecido
1038,a0i6g000006DqGBAA0,Falecido
1039,a0i6g000006DqMtAAK,Falecido
1040,a0i6g000006DraOAAS,Falecido
1041,a0i6g000006DsBqAAK,Falecido
1042,a0i6g000006DsJ5AAK,Falecido
1043,a0i6g000006DsYkAAK,Falecido
1044,a0i6g000006Dt7LAAS,Falecido
1045,a0i6g000006DtbFAAS,Falecido
1046,a0i6g000006DTgSAAW,Falecido
1047,a0i6g000006Dto5AAC,Falecido
1048,a0i6g000006DtSCAA0,Falecido
1049,a0i6g000006DtSkAAK,Falecido
1050,a0i6g000006DtSuAAK,Falecido
1051,a0i6g000006DTx3AAG,Falecido
1052,a0i6g000006Du4nAAC,Falecido
1053,a0i6g000006DuAJAA0,Falecido
1054,a0i6g000006DukOAAS,Falecido
1055,a0i6g000006DUlXAAW,Falecido
1056,a0i6g000006Dv0HAAS,Falecido
1057,a0i6g000006DV9zAAG,Falecido
1058,a0i6g000006DVbgAAG,Falecido
1059,a0i6g000006DVipAAG,Falecido
1060,a0i6g000006DVo7AAG,Falecido
1061,a0i6g000006Dvv5AAC,Falecido
1062,a0i6g000006DvvEAAS,Falecido
1063,a0i6g000006DW0aAAG,Falecido
1064,a0i6g000006Dw34AAC,Falecido
1065,a0i6g000006Dw5aAAC,Falecido
1066,a0i6g000006DWapAAG,Falecido
1067,a0i6g000006DwgDAAS,Falecido
1068,a0i6g000006DwQBAA0,Falecido
1069,a0i6g000006DWVMAA4,Falecido
1070,a0i6g000006DWVwAAO,Falecido
1071,a0i6g000006DWYHAA4,Falecido
1072,a0i6g000006DWyiAAG,Falecido
1073,a0i6g000006DXAdAAO,Falecido
1074,a0i6g000006DXcZAAW,Falecido
1075,a0i6g000006DXFqAAO,Falecido
1076,a0i6g000006DXXVAA4,Falecido
1077,a0i6g000006DY1nAAG,Falecido
1078,a0i6g000006Dy2kAAC,Falecido
1079,a0i6g000006DY2wAAG,Falecido
1080,a0i6g000006DY4WAAW,Falecido
1081,a0i6g000006DYDeAAO,Falecido
1082,a0i6g000006DYGAAA4,Falecido
1083,a0i6g000006DyJOAA0,Falecido
1084,a0i6g000006DYlcAAG,Falecido
1085,a0i6g000006DYNbAAO,Falecido
1086,a0i6g000006DYNJAA4,Falecido
1087,a0i6g000006DyOoAAK,Falecido
1088,a0i6g000006DyQ6AAK,Falecido
1089,a0i6g000006DYUVAA4,Falecido
1090,a0i6g000006Dyx4AAC,Falecido
1091,a0i6g000006DZ6pAAG,Falecido
1092,a0i6g000006DzbJAAS,Falecido
1093,a0i6g000006DZCsAAO,Falecido
1094,a0i6g000006DzHmAAK,Falecido
1095,a0i6g000006DzJ6AAK,Falecido
1096,a0i6g000006DZSqAAO,Falecido
1097,a0i6g000006E09GAAS,Falecido
1098,a0i6g000006E0DEAA0,Falecido
1099,a0i6g000006E0s7AAC,Falecido
1100,a0i6g000006E11FAAS,Falecido
1101,a0i6g000006E15tAAC,Falecido
1102,a0i6g000006E19PAAS,Falecido
1103,a0i6g000006E1cXAAS,Falecido
1104,a0i6g000006E1dbAAC,Falecido
1105,a0i6g000006E237AAC,Falecido
1106,a0i6g000006E2EeAAK,Falecido
1107,a0i6g000006E2odAAC,Falecido
1108,a0i6g000006E2pRAAS,Falecido
1109,a0i6g000006E2rEAAS,Falecido
1110,a0i6g000006E2ZjAAK,Falecido
1111,a0i6g000006E3EvAAK,Falecido
1112,a0i6g000006E3gMAAS,Falecido
1113,a0i6g000006E3sQAAS,Falecido
1114,a0i6g000006E3wTAAS,Falecido
1115,a0i6g000006E4osAAC,Falecido
1116,a0i6g000006E4ywAAC,Falecido
1117,a0i6g000006E5qjAAC,Falecido
1118,a0i6g000006E6MOAA0,Falecido
1119,a0i6g000006E6q3AAC,Falecido
1120,a0i6g000006E6qhAAC,Falecido
1121,a0i6g000006E6ytAAC,Falecido
1122,a0i6g000006E7awAAC,Falecido
1123,a0i6g000006E7gwAAC,Falecido
1124,a0i6g000006E7kvAAC,Falecido
1125,a0i6g000006E81uAAC,Falecido
1126,a0i6g000006E87qAAC,Falecido
1127,a0i6g000006E8bQAAS,Falecido
1128,a0i6g000006E8TUAA0,Falecido
1129,a0i6g000006E92DAAS,Falecido
1130,a0i6g000006E972AAC,Falecido
1131,a0i6g000006E9BGAA0,Falecido
1132,a0i6g000006E9CQAA0,Falecido
1133,a0i6g000006E9kfAAC,Falecido
1134,a0i6g000006EA91AAG,Falecido
1135,a0i6g000006EAI5AAO,Falecido
1136,a0i6g000006EAMYAA4,Falecido
1137,a0i6g000006EaSXAA0,Falecido
1138,a0i6g000006EaVeAAK,Falecido
1139,a0i6g000006EaypAAC,Falecido
1140,a0i6g000006EazTAAS,Falecido
1141,a0i6g000006Eb97AAC,Falecido
1142,a0i6g000006EbeXAAS,Falecido
1143,a0i6g000006EBI2AAO,Falecido
1144,a0i6g000006EbpvAAC,Falecido
1145,a0i6g000006EBQUAA4,Falecido
1146,a0i6g000006EBznAAG,Falecido
1147,a0i6g000006EcBjAAK,Falecido
1148,a0i6g000006EcD2AAK,Falecido
1149,a0i6g000006EcGxAAK,Falecido
1150,a0i6g000006ECiRAAW,Falecido
1151,a0i6g000006Ecj1AAC,Falecido
1152,a0i6g000006ECksAAG,Falecido
1153,a0i6g000006EclfAAC,Falecido
1154,a0i6g000006ECmKAAW,Falecido
1155,a0i6g000006EcqFAAS,Falecido
1156,a0i6g000006ECTNAA4,Falecido
1157,a0i6g000006EctYAAS,Falecido
1158,a0i6g000006EcvZAAS,Falecido
1159,a0i6g000006ED2zAAG,Falecido
1160,a0i6g000006Ed5nAAC,Falecido
1161,a0i6g000006Ed6PAAS,Falecido
1162,a0i6g000006EDCdAAO,Falecido
1163,a0i6g000006EDEtAAO,Falecido
1164,a0i6g000006EDeUAAW,Falecido
1165,a0i6g000006EE5NAAW,Falecido
1166,a0i6g000006EE98AAG,Falecido
1167,a0i6g000006EEFhAAO,Falecido
1168,a0i6g000006EeGkAAK,Falecido
1169,a0i6g000006EeGvAAK,Falecido
1170,a0i6g000006EEGyAAO,Falecido
1171,a0i6g000006EEMeAAO,Falecido
1172,a0i6g000006EET7AAO,Falecido
1173,a0i6g000006EethAAC,Falecido
1174,a0i6g000006EeYGAA0,Falecido
1175,a0i6g000006EFPEAA4,Falecido
1176,a0i6g000006EFPfAAO,Falecido
1177,a0i6g000006EFQ8AAO,Falecido
1178,a0i6g000006EfSPAA0,Falecido
1179,a0i6g000006EFwOAAW,Falecido
1180,a0i6g000006EfYkAAK,Falecido
1181,a0i6g000006EG57AAG,Falecido
1182,a0i6g000006EG5gAAG,Falecido
1183,a0i6g000006EgAVAA0,Falecido
1184,a0i6g000006EgerAAC,Falecido
1185,a0i6g000006EghAAAS,Falecido
1186,a0i6g000006EgIqAAK,Falecido
1187,a0i6g000006EGM6AAO,Falecido
1188,a0i6g000006EGuYAAW,Falecido
1189,a0i6g000006EgvQAAS,Falecido
1190,a0i6g000006EHc9AAG,Falecido
1191,a0i6g000006EHegAAG,Falecido
1192,a0i6g000006DsdyAAC,Falecido
1193,a0i6g000006DsspAAC,Falecido
1194,a0i6g000006DszoAAC,Falecido
1195,a0i6g000006Dt0oAAC,Falecido
1196,a0i6g000006DTfpAAG,Falecido
1197,a0i6g000006DtZ1AAK,Falecido
1198,a0i6g000006Du9RAAS,Falecido
1199,a0i6g000006DuEBAA0,Falecido
1200,a0i6g000006DugKAAS,Falecido
1201,a0i6g000006DugvAAC,Falecido
1202,a0i6g000006DuM6AAK,Falecido
1203,a0i6g000006DuPvAAK,Falecido
1204,a0i6g000006DuxyAAC,Falecido
1205,a0i6g000006DvAlAAK,Falecido
1206,a0i6g000006DvASAA0,Falecido
1207,a0i6g000006DvCuAAK,Falecido
1208,a0i6g000006DvIAAA0,Falecido
1209,a0i6g000006DVuCAAW,Falecido
1210,a0i6g000006DVvMAAW,Falecido
1211,a0i6g000006DVVuAAO,Falecido
1212,a0i6g000006DWpbAAG,Falecido
1213,a0i6g000006DwrAAAS,Falecido
1214,a0i6g000006DwreAAC,Falecido
1215,a0i6g000006DwuvAAC,Falecido
1216,a0i6g000006DWvaAAG,Falecido
1217,a0i6g000006DxPnAAK,Falecido
1218,a0i6g000006DXsxAAG,Falecido
1219,a0i6g000006DXUgAAO,Falecido
1220,a0i6g000006Dy1vAAC,Falecido
1221,a0i6g000006DYagAAG,Falecido
1222,a0i6g000006DyJZAA0,Falecido
1223,a0i6g000006DyOYAA0,Falecido
1224,a0i6g000006DyP5AAK,Falecido
1225,a0i6g000006DyQyAAK,Falecido
1226,a0i6g000006DYRlAAO,Falecido
1227,a0i6g000006DyYxAAK,Falecido
1228,a0i6g000006DZ0TAAW,Falecido
1229,a0i6g000006Dz0XAAS,Falecido
1230,a0i6g000006DZ3UAAW,Falecido
1231,a0i6g000006Dz4cAAC,Falecido
1232,a0i6g000006DZvqAAG,Falecido
1233,a0i6g000006DZWhAAO,Falecido
1234,a0i6g000006DzwXAAS,Falecido
1235,a0i6g000006E0oIAAS,Falecido
1236,a0i6g000006E0PBAA0,Falecido
1237,a0i6g000006E0PMAA0,Falecido
1238,a0i6g000006E0vFAAS,Falecido
1239,a0i6g000006E0ytAAC,Falecido
1240,a0i6g000006E17EAAS,Falecido
1241,a0i6g000006E1AhAAK,Falecido
1242,a0i6g000006E1DhAAK,Falecido
1243,a0i6g000006E1dXAAS,Falecido
1244,a0i6g000006E1fJAAS,Falecido
1245,a0i6g000006E1GaAAK,Falecido
1246,a0i6g000006E1KbAAK,Falecido
1247,a0i6g000006E24zAAC,Falecido
1248,a0i6g000006E2B9AAK,Falecido
1249,a0i6g000006E2dhAAC,Falecido
1250,a0i6g000006E2f6AAC,Falecido
1251,a0i6g000006E2HjAAK,Falecido
1252,a0i6g000006E2iQAAS,Falecido
1253,a0i6g000006E2l8AAC,Falecido
1254,a0i6g000006E2QdAAK,Falecido
1255,a0i6g000006E2VKAA0,Falecido
1256,a0i6g000006E2zPAAS,Falecido
1257,a0i6g000006E34vAAC,Falecido
1258,a0i6g000006E3IwAAK,Falecido
1259,a0i6g000006E3MdAAK,Falecido
1260,a0i6g000006E3MEAA0,Falecido
1261,a0i6g000006E3S9AAK,Falecido
1262,a0i6g000006E4I2AAK,Falecido
1263,a0i6g000006E59kAAC,Falecido
1264,a0i6g000006E5DMAA0,Falecido
1265,a0i6g000006E5dMAAS,Falecido
1266,a0i6g000006E5O7AAK,Falecido
1267,a0i6g000006E5QkAAK,Falecido
1268,a0i6g000006E6UnAAK,Falecido
1269,a0i6g000006E75UAAS,Falecido
1270,a0i6g000006E8NMAA0,Falecido
1271,a0i6g000006E93yAAC,Falecido
1272,a0i6g000006E99nAAC,Falecido
1273,a0i6g000006E9lkAAC,Falecido
1274,a0i6g000006E9qOAAS,Falecido
1275,a0i6g000006E9u7AAC,Falecido
1276,a0i6g000006E9W1AAK,Falecido
1277,a0i6g000006Ea3JAAS,Falecido
1278,a0i6g000006EagKAAS,Falecido
1279,a0i6g000006EaI9AAK,Falecido
1280,a0i6g000006EajVAAS,Falecido
1281,a0i6g000006EalUAAS,Falecido
1282,a0i6g000006EArnAAG,Falecido
1283,a0i6g000006EauJAAS,Falecido
1284,a0i6g000006EB1lAAG,Falecido
1285,a0i6g000006EB8tAAG,Falecido
1286,a0i6g000006EBaIAAW,Falecido
1287,a0i6g000006EBcOAAW,Falecido
1288,a0i6g000006EbEuAAK,Falecido
1289,a0i6g000006EbggAAC,Falecido
1290,a0i6g000006EbpJAAS,Falecido
1291,a0i6g000006EBXCAA4,Falecido
1292,a0i6g000006EbylAAC,Falecido
1293,a0i6g000006EC0eAAG,Falecido
1294,a0i6g000006EC7FAAW,Falecido
1295,a0i6g000006ECbAAAW,Falecido
1296,a0i6g000006ECFMAA4,Falecido
1297,a0i6g000006EcQwAAK,Falecido
1298,a0i6g000006ECvrAAG,Falecido
1299,a0i6g000006EcVSAA0,Falecido
1300,a0i6g000006ECvzAAG,Falecido
1301,a0i6g000006ED1MAAW,Falecido
1302,a0i6g000006Ed4yAAC,Falecido
1303,a0i6g000006Ed9fAAC,Falecido
1304,a0i6g000006Edd3AAC,Falecido
1305,a0i6g000006EdeFAAS,Falecido
1306,a0i6g000006EdKmAAK,Falecido
1307,a0i6g000006EdNMAA0,Falecido
1308,a0i6g000006EdVDAA0,Falecido
1309,a0i6g000006Ee8hAAC,Falecido
1310,a0i6g000006EE8MAAW,Falecido
1311,a0i6g000006EeaQAAS,Falecido
1312,a0i6g000006EekAAAS,Falecido
1313,a0i6g000006EewFAAS,Falecido
1314,a0i6g000006EF1rAAG,Falecido
1315,a0i6g000006EFczAAG,Falecido
1316,a0i6g000006EFl4AAG,Falecido
1317,a0i6g000006EFLuAAO,Falecido
1318,a0i6g000006EfQTAA0,Falecido
1319,a0i6g000006EFuXAAW,Falecido
1320,a0i6g000006EFzZAAW,Falecido
1321,a0i6g000006EGA8AAO,Falecido
1322,a0i6g000006EGB7AAO,Falecido
1323,a0i6g000006EgdnAAC,Falecido
1324,a0i6g000006EGiOAAW,Falecido
1325,a0i6g000006EgjBAAS,Falecido
1326,a0i6g000006EgQAAA0,Falecido
1327,a0i6g000006EGUKAA4,Falecido
1328,a0i6g000006EGw7AAG,Falecido
1329,a0i6g000006EgW8AAK,Falecido
1330,a0i6g000006EGXdAAO,Falecido
1331,a0i6g000006EHCCAA4,Falecido
1332,a0i6g000006EHe8AAG,Falecido
1333,a0i6g000006EHgnAAG,Falecido
1334,a0i6g000006EHpmAAG,Falecido
1335,a0i6g000006EhvvAAC,Falecido
1336,a0i6g000006Ei0oAAC,Falecido
1337,a0i6g000006Ei2tAAC,Falecido
1338,a0i6g000006EIa0AAG,Falecido
1339,a0i6g000006EibnAAC,Falecido
1340,a0i6g000006EicTAAS,Falecido
1341,a0i6g000006Eig9AAC,Falecido
1342,a0i6g000006EiPDAA0,Falecido
1343,a0i6g000006eIUpAAM,Falecido
1344,a0i6g000006Eiv1AAC,Falecido
1345,a0i6g000006Ej4NAAS,Falecido
1346,a0i6g000006EjJ8AAK,Falecido
1347,a0i6g000006EjmjAAC,Falecido
1348,a0i6g000006EjqZAAS,Falecido
1349,a0i6g000006EJSCAA4,Falecido
1350,a0i6g000006EjVDAA0,Falecido
1351,a0i6g000006EjxOAAS,Falecido
1352,a0i6g000006EK0nAAG,Falecido
1353,a0i6g000006EKD2AAO,Falecido
1354,a0i6g000006EkdLAAS,Falecido
1355,a0i6g000006EkGwAAK,Falecido
1356,a0i6g000006EKh8AAG,Falecido
1357,a0i6g000006EKiCAAW,Falecido
1358,a0i6g000006EKOxAAO,Falecido
1359,a0i6g000006EkpoAAC,Falecido
1360,a0i6g000006EkTIAA0,Falecido
1361,a0i6g000006EL3AAAW,Falecido
1362,a0i6g000006EDJTAA4,Falecido
1363,a0i6g000006EDmyAAG,Falecido
1364,a0i6g000006EdNBAA0,Falecido
1365,a0i6g000006EDqTAAW,Falecido
1366,a0i6g000006EdWPAA0,Falecido
1367,a0i6g000006EdybAAC,Falecido
1368,a0i6g000006EDZ0AAO,Falecido
1369,a0i6g000006EE9kAAG,Falecido
1370,a0i6g000006EeArAAK,Falecido
1371,a0i6g000006EeFwAAK,Falecido
1372,a0i6g000006EerVAAS,Falecido
1373,a0i6g000006EevBAAS,Falecido
1374,a0i6g000006EF4PAAW,Falecido
1375,a0i6g000006Ef84AAC,Falecido
1376,a0i6g000006EFDbAAO,Falecido
1377,a0i6g000006EfEJAA0,Falecido
1378,a0i6g000006EFlhAAG,Falecido
1379,a0i6g000006EfsSAAS,Falecido
1380,a0i6g000006EG5wAAG,Falecido
1381,a0i6g000006EgreAAC,Falecido
1382,a0i6g000006EGw4AAG,Falecido
1383,a0i6g000006EgzkAAC,Falecido
1384,a0i6g000006EGzlAAG,Falecido
1385,a0i6g000006Eh6UAAS,Falecido
1386,a0i6g000006EhFsAAK,Falecido
1387,a0i6g000006EHluAAG,Falecido
1388,a0i6g000006EHMmAAO,Falecido
1389,a0i6g000006EhyLAAS,Falecido
1390,a0i6g000006Ei8pAAC,Falecido
1391,a0i6g000006EiEUAA0,Falecido
1392,a0i6g000006EigDAAS,Falecido
1393,a0i6g000006Eij0AAC,Falecido
1394,a0i6g000006EIp5AAG,Falecido
1395,a0i6g000006EiW8AAK,Falecido
1396,a0i6g000006EIY6AAO,Falecido
1397,a0i6g000006EIYkAAO,Falecido
1398,a0i6g000006EizvAAC,Falecido
1399,a0i6g000006Ej2MAAS,Falecido
1400,a0i6g000006EJ4TAAW,Falecido
1401,a0i6g000006Ej67AAC,Falecido
1402,a0i6g000006EJr3AAG,Falecido
1403,a0i6g000006Ek1BAAS,Falecido
1404,a0i6g000006EkczAAC,Falecido
1405,a0i6g000006EkeOAAS,Falecido
1406,a0i6g000006EKNYAA4,Falecido
1407,a0i6g000006EKOBAA4,Falecido
1408,a0i6g000006EKYvAAO,Falecido
1409,a0i6g000006El03AAC,Falecido
1410,a0i6g000006ElBGAA0,Falecido
1411,a0i6g000006ElBiAAK,Falecido
1412,a0i6g000006ElBZAA0,Falecido
1413,a0i6g000006ElCyAAK,Falecido
1414,a0i6g000006ElFwAAK,Falecido
1415,a0i6g000006ELr0AAG,Falecido
1416,a0i6g000006EmDxAAK,Falecido
1417,a0i6g000006EmioAAC,Falecido
1418,a0i6g000006EmkRAAS,Falecido
1419,a0i6g000006En3jAAC,Falecido
1420,a0i6g000006EnbBAAS,Falecido
1421,a0i6g000006Eni9AAC,Falecido
1422,a0i6g000006EnjnAAC,Falecido
1423,a0i6g000006ENOmAAO,Falecido
1424,a0i6g000006ENtSAAW,Falecido
1425,a0i6g000006Eo2FAAS,Falecido
1426,a0i6g000006Eo2PAAS,Falecido
1427,a0i6g000006EO2ZAAW,Falecido
1428,a0i6g000006Eo7SAAS,Falecido
1429,a0i6g000006EOfzAAG,Falecido
1430,a0i6g000006EOgkAAG,Falecido
1431,a0i6g000006eOGRAA2,Falecido
1432,a0i6g000006EOH7AAO,Falecido
1433,a0i6g000006EOXkAAO,Falecido
1434,a0i6g000006EOZSAA4,Falecido
1435,a0i6g000006Ep3oAAC,Falecido
1436,a0i6g000006Ep4zAAC,Falecido
1437,a0i6g000006EpAeAAK,Falecido
1438,a0i6g000006EpGUAA0,Falecido
1439,a0i6g000006EPPXAA4,Falecido
1440,a0i6g000006EpQ0AAK,Falecido
1441,a0i6g000006EPTYAA4,Falecido
1442,a0i6g000006Eq11AAC,Falecido
1443,a0i6g000006Eq2fAAC,Falecido
1444,a0i6g000006Eq7QAAS,Falecido
1445,a0i6g000006EQBWAA4,Falecido
1446,a0i6g000006EqDbAAK,Falecido
1447,a0i6g000006EqLiAAK,Falecido
1448,a0i6g000006EQMfAAO,Falecido
1449,a0i6g000006EqMZAA0,Falecido
1450,a0i6g000006EQTRAA4,Falecido
1451,a0i6g000006EquRAAS,Falecido
1452,a0i6g000006EqXQAA0,Falecido
1453,a0i6g000006EQy9AAG,Falecido
1454,a0i6g000006ER6QAAW,Falecido
1455,a0i6g000006ER74AAG,Falecido
1456,a0i6g000006ER89AAG,Falecido
1457,a0i6g000006Er9lAAC,Falecido
1458,a0i6g000006ERB6AAO,Falecido
1459,a0i6g000006ERf7AAG,Falecido
1460,a0i6g000006ERK5AAO,Falecido
1461,a0i6g000006ERkMAAW,Falecido
1462,a0i6g000006ES9LAAW,Falecido
1463,a0i6g000006EsBiAAK,Falecido
1464,a0i6g000006ESCLAA4,Falecido
1465,a0i6g000006EscWAAS,Falecido
1466,a0i6g000006ESIpAAO,Falecido
1467,a0i6g000006EsIXAA0,Falecido
1468,a0i6g000006EsNLAA0,Falecido
1469,a0i6g000006ESUKAA4,Falecido
1470,a0i6g000006EswBAAS,Falecido
1471,a0i6g000006EsWUAA0,Falecido
1472,a0i6g000006Esx2AAC,Falecido
1473,a0i6g000006Etb8AAC,Falecido
1474,a0i6g000006EtiOAAS,Falecido
1475,a0i6g000006ETjyAAG,Falecido
1476,a0i6g000006ETyQAAW,Falecido
1477,a0i6g000006ETZ8AAO,Falecido
1478,a0i6g000006EU8HAAW,Falecido
1479,a0i6g000006EuEkAAK,Falecido
1480,a0i6g000006EuFBAA0,Falecido
1481,a0i6g000006EuolAAC,Falecido
1482,a0i6g000006EuqTAAS,Falecido
1483,a0i6g000006EurSAAS,Falecido
1484,a0i6g000006EUv9AAG,Falecido
1485,a0i6g000006EUVNAA4,Falecido
1486,a0i6g000006EvcFAAS,Falecido
1487,a0i6g000006EvJ9AAK,Falecido
1488,a0i6g000006EVlDAAW,Falecido
1489,a0i6g000006EVLJAA4,Falecido
1490,a0i6g000006EvPMAA0,Falecido
1491,a0i6g000006EvT2AAK,Falecido
1492,a0i6g000006EVvfAAG,Falecido
1493,a0i6g000006EW6uAAG,Falecido
1494,a0i6g000006EWb0AAG,Falecido
1495,a0i6g000006EWb3AAG,Falecido
1496,a0i6g000006Ewh8AAC,Falecido
1497,a0i6g000006EWHvAAO,Falecido
1498,a0i6g000006EwNVAA0,Falecido
1499,a0i6g000006EWRyAAO,Falecido
1500,a0i6g000006EWvMAAW,Falecido
1501,a0i6g000006EWvuAAG,Falecido
1502,a0i6g000006EwX0AAK,Falecido
1503,a0i6g000006EX4JAAW,Falecido
1504,a0i6g000006Ex9MAAS,Falecido
1505,a0i6g000006ExCQAA0,Falecido
1506,a0i6g000006EXEpAAO,Falecido
1507,a0i6g000006EXEtAAO,Falecido
1508,a0i6g000006ExfPAAS,Falecido
1509,a0i6g000006EXMDAA4,Falecido
1510,a0i6g000006ExRvAAK,Falecido
1511,a0i6g000006EXSjAAO,Falecido
1512,a0i6g000006Exz5AAC,Falecido
1513,a0i6g000006Ey9eAAC,Falecido
1514,a0i6g000006EYGAAA4,Falecido
1515,a0i6g000006EyRsAAK,Falecido
1516,a0i6g000006EYUfAAO,Falecido
1517,a0i6g000006EzeCAAS,Falecido
1518,a0i6g000006EZFlAAO,Falecido
1519,a0i6g000006EzPdAAK,Falecido
1520,a0i6g000006EzpHAAS,Falecido
1521,a0i6g000006F0NHAA0,Falecido
1522,a0i6g000006F0oRAAS,Falecido
1523,a0i6g000006F0xcAAC,Falecido
1524,a0i6g000006F0zAAAS,Falecido
1525,a0i6g000006F14kAAC,Falecido
1526,a0i6g000006F15TAAS,Falecido
1527,a0i6g000006F1AwAAK,Falecido
1528,a0i6g000006F1cLAAS,Falecido
1529,a0i6g000006F1DmAAK,Falecido
1530,a0i6g000006F1keAAC,Falecido
1531,a0i6g000006F1tFAAS,Falecido
1532,a0i6g000006EEoSAAW,Falecido
1533,a0i6g000006EEwHAAW,Falecido
1534,a0i6g000006EewwAAC,Falecido
1535,a0i6g000006EeY3AAK,Falecido
1536,a0i6g000006EeZxAAK,Falecido
1537,a0i6g000006EFDOAA4,Falecido
1538,a0i6g000006EFhVAAW,Falecido
1539,a0i6g000006EFI1AAO,Falecido
1540,a0i6g000006EFl8AAG,Falecido
1541,a0i6g000006EFqeAAG,Falecido
1542,a0i6g000006EFQJAA4,Falecido
1543,a0i6g000006EFqtAAG,Falecido
1544,a0i6g000006Eg5qAAC,Falecido
1545,a0i6g000006EGdPAAW,Falecido
1546,a0i6g000006EGDXAA4,Falecido
1547,a0i6g000006EgiQAAS,Falecido
1548,a0i6g000006EgjjAAC,Falecido
1549,a0i6g000006EGQiAAO,Falecido
1550,a0i6g000006EGQwAAO,Falecido
1551,a0i6g000006EGteAAG,Falecido
1552,a0i6g000006EGwGAAW,Falecido
1553,a0i6g000006EhbfAAC,Falecido
1554,a0i6g000006EHfQAAW,Falecido
1555,a0i6g000006EhGWAA0,Falecido
1556,a0i6g000006EhIwAAK,Falecido
1557,a0i6g000006EhkLAAS,Falecido
1558,a0i6g000006EHNQAA4,Falecido
1559,a0i6g000006EHnyAAG,Falecido
1560,a0i6g000006EhSMAA0,Falecido
1561,a0i6g000006Ehx0AAC,Falecido
1562,a0i6g000006EHy2AAG,Falecido
1563,a0i6g000006Ei6gAAC,Falecido
1564,a0i6g000006EifdAAC,Falecido
1565,a0i6g000006EIh4AAG,Falecido
1566,a0i6g000006EiJbAAK,Falecido
1567,a0i6g000006EiubAAC,Falecido
1568,a0i6g000006EixcAAC,Falecido
1569,a0i6g000006EiXyAAK,Falecido
1570,a0i6g000006EJbfAAG,Falecido
1571,a0i6g000006EJBpAAO,Falecido
1572,a0i6g000006EjdOAAS,Falecido
1573,a0i6g000006Eji2AAC,Falecido
1574,a0i6g000006EJkdAAG,Falecido
1575,a0i6g000006EjrJAAS,Falecido
1576,a0i6g000006EJV4AAO,Falecido
1577,a0i6g000006EJXcAAO,Falecido
1578,a0i6g000006Ek6EAAS,Falecido
1579,a0i6g000006EKGlAAO,Falecido
1580,a0i6g000006EkHFAA0,Falecido
1581,a0i6g000006EkhvAAC,Falecido
1582,a0i6g000006EkJHAA0,Falecido
1583,a0i6g000006EkmOAAS,Falecido
1584,a0i6g000006El4hAAC,Falecido
1585,a0i6g000006El4mAAC,Falecido
1586,a0i6g000006ElfaAAC,Falecido
1587,a0i6g000006ElGDAA0,Falecido
1588,a0i6g000006ElrpAAC,Falecido
1589,a0i6g000006ELS6AAO,Falecido
1590,a0i6g000006Elz7AAC,Falecido
1591,a0i6g000006EmCxAAK,Falecido
1592,a0i6g000006EMDRAA4,Falecido
1593,a0i6g000006EMFhAAO,Falecido
1594,a0i6g000006EmhdAAC,Falecido
1595,a0i6g000006EmhfAAC,Falecido
1596,a0i6g000006EmL8AAK,Falecido
1597,a0i6g000006Emr6AAC,Falecido
1598,a0i6g000006EMtDAAW,Falecido
1599,a0i6g000006EmuTAAS,Falecido
1600,a0i6g000006EmvkAAC,Falecido
1601,a0i6g000006EmYZAA0,Falecido
1602,a0i6g000006En2fAAC,Falecido
1603,a0i6g000006En8lAAC,Falecido
1604,a0i6g000006EnldAAC,Falecido
1605,a0i6g000006EnnkAAC,Falecido
1606,a0i6g000006ENQ4AAO,Falecido
1607,a0i6g000006ENqFAAW,Falecido
1608,a0i6g000006EnrQAAS,Falecido
1609,a0i6g000006Eo2SAAS,Falecido
1610,a0i6g000006Eo7VAAS,Falecido
1611,a0i6g000006EoAlAAK,Falecido
1612,a0i6g000006EODKAA4,Falecido
1613,a0i6g000006EoDZAA0,Falecido
1614,a0i6g000006EOftAAG,Falecido
1615,a0i6g000006EOgdAAG,Falecido
1616,a0i6g000006EouvAAC,Falecido
1617,a0i6g000006Ep2iAAC,Falecido
1618,a0i6g000006EPA2AAO,Falecido
1619,a0i6g000006EpGtAAK,Falecido
1620,a0i6g000006EPPeAAO,Falecido
1621,a0i6g000006EprcAAC,Falecido
1622,a0i6g000006EpRcAAK,Falecido
1623,a0i6g000006EpsiAAC,Falecido
1624,a0i6g000006EpUQAA0,Falecido
1625,a0i6g000006EpzmAAC,Falecido
1626,a0i6g000006Eq19AAC,Falecido
1627,a0i6g000006Eqa2AAC,Falecido
1628,a0i6g000006EQE8AAO,Falecido
1629,a0i6g000006EQKTAA4,Falecido
1630,a0i6g000006EqNYAA0,Falecido
1631,a0i6g000006EqYEAA0,Falecido
1632,a0i6g000006EQzPAAW,Falecido
1633,a0i6g000006ERauAAG,Falecido
1634,a0i6g000006ErciAAC,Falecido
1635,a0i6g000006Erk7AAC,Falecido
1636,a0i6g000006ES4iAAG,Falecido
1637,a0i6g000006EsgbAAC,Falecido
1638,a0i6g000006EsIQAA0,Falecido
1639,a0i6g000006EsS7AAK,Falecido
1640,a0i6g000006EsShAAK,Falecido
1641,a0i6g000006ESvQAAW,Falecido
1642,a0i6g000006Esw0AAC,Falecido
1643,a0i6g000006EswCAAS,Falecido
1644,a0i6g000006Et2QAAS,Falecido
1645,a0i6g000006ET9oAAG,Falecido
1646,a0i6g000006EtOUAA0,Falecido
1647,a0i6g000006EtPTAA0,Falecido
1648,a0i6g000006ETqGAAW,Falecido
1649,a0i6g000006EtW5AAK,Falecido
1650,a0i6g000006EtzBAAS,Falecido
1651,a0i6g000006eU0DAAU,Falecido
1652,a0i6g000006EU4qAAG,Falecido
1653,a0i6g000006Eu6CAAS,Falecido
1654,a0i6g000006EuaFAAS,Falecido
1655,a0i6g000006EuANAA0,Falecido
1656,a0i6g000006EUglAAG,Falecido
1657,a0i6g000006EUJeAAO,Falecido
1658,a0i6g000006EuZsAAK,Falecido
1659,a0i6g000006Ev10AAC,Falecido
1660,a0i6g000006Ev8dAAC,Falecido
1661,a0i6g000006EVCSAA4,Falecido
1662,a0i6g000006EvgBAAS,Falecido
1663,a0i6g000006EvKPAA0,Falecido
1664,a0i6g000006EVkQAAW,Falecido
1665,a0i6g000006EVNfAAO,Falecido
1666,a0i6g000006EvsYAAS,Falecido
1667,a0i6g000006EVu3AAG,Falecido
1668,a0i6g000006Ew3CAAS,Falecido
1669,a0i6g000006EWbyAAG,Falecido
1670,a0i6g000006EwDlAAK,Falecido
1671,a0i6g000006EWEeAAO,Falecido
1672,a0i6g000006EWICAA4,Falecido
1673,a0i6g000006EwqrAAC,Falecido
1674,a0i6g000006EwRdAAK,Falecido
1675,a0i6g000006EwVoAAK,Falecido
1676,a0i6g000006EWvrAAG,Falecido
1677,a0i6g000006EWXwAAO,Falecido
1678,a0i6g000006ExCXAA0,Falecido
1679,a0i6g000006EXiEAAW,Falecido
1680,a0i6g000006ExL5AAK,Falecido
1681,a0i6g000006EXsfAAG,Falecido
1682,a0i6g000006ExSjAAK,Falecido
1683,a0i6g000006EXX7AAO,Falecido
1684,a0i6g000006EY00AAG,Falecido
1685,a0i6g000006EY6SAAW,Falecido
1686,a0i6g000006EYHCAA4,Falecido
1687,a0i6g000006EYr2AAG,Falecido
1688,a0i6g000006EySJAA0,Falecido
1689,a0i6g000006EYsRAAW,Falecido
1690,a0i6g000006Eyx4AAC,Falecido
1691,a0i6g000006EyzuAAC,Falecido
1692,a0i6g000006EZFCAA4,Falecido
1693,a0i6g000006EZvhAAG,Falecido
1694,a0i6g000006EzzzAAC,Falecido
1695,a0i6g000006F00oAAC,Falecido
1696,a0i6g000006F0pkAAC,Falecido
1697,a0i6g000006F163AAC,Falecido
1698,a0i6g000006F16CAAS,Falecido
1699,a0i6g000006F1AnAAK,Falecido
1700,a0i6g000006F1nwAAC,Falecido
1701,a0i6g000006F1pEAAS,Falecido
1702,a0i6g000006EHifAAG,Falecido
1703,a0i6g000006EhiJAAS,Falecido
1704,a0i6g000006EHjFAAW,Falecido
1705,a0i6g000006EHptAAG,Falecido
1706,a0i6g000006EHqtAAG,Falecido
1707,a0i6g000006EHRUAA4,Falecido
1708,a0i6g000006Ei9VAAS,Falecido
1709,a0i6g000006EiDJAA0,Falecido
1710,a0i6g000006Eie4AAC,Falecido
1711,a0i6g000006EIhtAAG,Falecido
1712,a0i6g000006EiqaAAC,Falecido
1713,a0i6g000006EiqJAAS,Falecido
1714,a0i6g000006EiSRAA0,Falecido
1715,a0i6g000006EiU4AAK,Falecido
1716,a0i6g000006EiuQAAS,Falecido
1717,a0i6g000006EIWrAAO,Falecido
1718,a0i6g000006EJ0OAAW,Falecido
1719,a0i6g000006EjDkAAK,Falecido
1720,a0i6g000006EjF0AAK,Falecido
1721,a0i6g000006EJHvAAO,Falecido
1722,a0i6g000006EJL9AAO,Falecido
1723,a0i6g000006EJmvAAG,Falecido
1724,a0i6g000006EJPLAA4,Falecido
1725,a0i6g000006EJTcAAO,Falecido
1726,a0i6g000006EjYOAA0,Falecido
1727,a0i6g000006EK5KAAW,Falecido
1728,a0i6g000006EkhlAAC,Falecido
1729,a0i6g000006EkrvAAC,Falecido
1730,a0i6g000006El3oAAC,Falecido
1731,a0i6g000006ElB6AAK,Falecido
1732,a0i6g000006ElbYAAS,Falecido
1733,a0i6g000006ELGGAA4,Falecido
1734,a0i6g000006eLgiAAE,Falecido
1735,a0i6g000006ELHmAAO,Falecido
1736,a0i6g000006ELiBAAW,Falecido
1737,a0i6g000006EljqAAC,Falecido
1738,a0i6g000006ElLzAAK,Falecido
1739,a0i6g000006ElXYAA0,Falecido
1740,a0i6g000006ElZAAA0,Falecido
1741,a0i6g000006EMD2AAO,Falecido
1742,a0i6g000006EMfwAAG,Falecido
1743,a0i6g000006EMq8AAG,Falecido
1744,a0i6g000006EMt9AAG,Falecido
1745,a0i6g000006EMzEAAW,Falecido
1746,a0i6g000006EMziAAG,Falecido
1747,a0i6g000006En22AAC,Falecido
1748,a0i6g000006EN8BAAW,Falecido
1749,a0i6g000006ENDWAA4,Falecido
1750,a0i6g000006ENiSAAW,Falecido
1751,a0i6g000006ENjYAAW,Falecido
1752,a0i6g000006ENovAAG,Falecido
1753,a0i6g000006EnpyAAC,Falecido
1754,a0i6g000006EnQmAAK,Falecido
1755,a0i6g000006EnQYAA0,Falecido
1756,a0i6g000006ENUIAA4,Falecido
1757,a0i6g000006ENvVAAW,Falecido
1758,a0i6g000006ENzIAAW,Falecido
1759,a0i6g000006Eo3SAAS,Falecido
1760,a0i6g000006EoARAA0,Falecido
1761,a0i6g000006EOpWAAW,Falecido
1762,a0i6g000006EOsWAAW,Falecido
1763,a0i6g000006EOTIAA4,Falecido
1764,a0i6g000006EOTUAA4,Falecido
1765,a0i6g000006EoufAAC,Falecido
1766,a0i6g000006EoW5AAK,Falecido
1767,a0i6g000006Ep01AAC,Falecido
1768,a0i6g000006EP7UAAW,Falecido
1769,a0i6g000006EpAEAA0,Falecido
1770,a0i6g000006EpBpAAK,Falecido
1771,a0i6g000006EpmtAAC,Falecido
1772,a0i6g000006EPPgAAO,Falecido
1773,a0i6g000006EppSAAS,Falecido
1774,a0i6g000006EQfdAAG,Falecido
1775,a0i6g000006EQFeAAO,Falecido
1776,a0i6g000006EQl7AAG,Falecido
1777,a0i6g000006EqsNAAS,Falecido
1778,a0i6g000006EQWNAA4,Falecido
1779,a0i6g000006Er1WAAS,Falecido
1780,a0i6g000006ErC2AAK,Falecido
1781,a0i6g000006ErN6AAK,Falecido
1782,a0i6g000006ERSHAA4,Falecido
1783,a0i6g000006ErUVAA0,Falecido
1784,a0i6g000006ESb5AAG,Falecido
1785,a0i6g000006ESBlAAO,Falecido
1786,a0i6g000006EsP7AAK,Falecido
1787,a0i6g000006EsRjAAK,Falecido
1788,a0i6g000006EsVGAA0,Falecido
1789,a0i6g000006EsWlAAK,Falecido
1790,a0i6g000006EsY2AAK,Falecido
1791,a0i6g000006ET7HAAW,Falecido
1792,a0i6g000006ETcFAAW,Falecido
1793,a0i6g000006ETDaAAO,Falecido
1794,a0i6g000006ETgkAAG,Falecido
1795,a0i6g000006EtgpAAC,Falecido
1796,a0i6g000006EtiBAAS,Falecido
1797,a0i6g000006EtM7AAK,Falecido
1798,a0i6g000006ETmGAAW,Falecido
1799,a0i6g000006EtZGAA0,Falecido
1800,a0i6g000006EUcBAAW,Falecido
1801,a0i6g000006EUGPAA4,Falecido
1802,a0i6g000006EUn7AAG,Falecido
1803,a0i6g000006Eut5AAC,Falecido
1804,a0i6g000006EuzRAAS,Falecido
1805,a0i6g000006Ev7gAAC,Falecido
1806,a0i6g000006EvAWAA0,Falecido
1807,a0i6g000006EVBnAAO,Falecido
1808,a0i6g000006EVCDAA4,Falecido
1809,a0i6g000006EvKKAA0,Falecido
1810,a0i6g000006EVKVAA4,Falecido
1811,a0i6g000006EVNEAA4,Falecido
1812,a0i6g000006EVScAAO,Falecido
1813,a0i6g000006EVwFAAW,Falecido
1814,a0i6g000006EVY4AAO,Falecido
1815,a0i6g000006EW0cAAG,Falecido
1816,a0i6g000006EWIGAA4,Falecido
1817,a0i6g000006EwMgAAK,Falecido
1818,a0i6g000006EWRvAAO,Falecido
1819,a0i6g000006EWtXAAW,Falecido
1820,a0i6g000006Ex38AAC,Falecido
1821,a0i6g000006EXhIAAW,Falecido
1822,a0i6g000006ExltAAC,Falecido
1823,a0i6g000006ExnIAAS,Falecido
1824,a0i6g000006EY8xAAG,Falecido
1825,a0i6g000006EygfAAC,Falecido
1826,a0i6g000006EYNPAA4,Falecido
1827,a0i6g000006EYoPAAW,Falecido
1828,a0i6g000006EYOuAAO,Falecido
1829,a0i6g000006EYpeAAG,Falecido
1830,a0i6g000006EyUSAA0,Falecido
1831,a0i6g000006EzG6AAK,Falecido
1832,a0i6g000006EzGLAA0,Falecido
1833,a0i6g000006EZJuAAO,Falecido
1834,a0i6g000006EZkaAAG,Falecido
1835,a0i6g000006EZLsAAO,Falecido
1836,a0i6g000006EzNYAA0,Falecido
1837,a0i6g000006EztPAAS,Falecido
1838,a0i6g000006F0eMAAS,Falecido
1839,a0i6g000006F0J8AAK,Falecido
1840,a0i6g000006F0KlAAK,Falecido
1841,a0i6g000006F0rhAAC,Falecido
1842,a0i6g000006F0wTAAS,Falecido
1843,a0i6g000006F0zYAAS,Falecido
1844,a0i6g000006F2V8AAK,Falecido
1845,a0i6g000006F2zVAAS,Falecido
1846,a0i6g000006F31UAAS,Falecido
1847,a0i6g000006F3qeAAC,Falecido
1848,a0i6g000006F4fEAAS,Falecido
1849,a0i6g000006F4mKAAS,Falecido
1850,a0i6g000006F4tVAAS,Falecido
1851,a0i6g000006F4uhAAC,Falecido
1852,a0i6g000006F5KkAAK,Falecido
1853,a0i6g000006F5L3AAK,Falecido
1854,a0i6g000006F60bAAC,Falecido
1855,a0i6g000006F7ipAAC,Falecido
1856,a0i6g000006F7w0AAC,Falecido
1857,a0i6g000006F8CEAA0,Falecido
1858,a0i6g000006F8DQAA0,Falecido
1859,a0i6g000006F8haAAC,Falecido
1860,a0i6g000006F8LcAAK,Falecido
1861,a0i6g000006F8x7AAC,Falecido
1862,a0i6g000006F8YBAA0,Falecido
1863,a0i6g000006F9R7AAK,Falecido
1864,a0i6g000006F9VJAA0,Falecido
1865,a0i6g000006Fa1mAAC,Falecido
1866,a0i6g000006FAFoAAO,Falecido
1867,a0i6g000006FaLfAAK,Falecido
1868,a0i6g000006Fb46AAC,Falecido
1869,a0i6g000006FB7FAAW,Falecido
1870,a0i6g000006FbBjAAK,Falecido
1871,a0i6g000006FBHSAA4,Falecido
1872,a0i6g000006ElBHAA0,Falecido
1873,a0i6g000006ElC4AAK,Falecido
1874,a0i6g000006ElEhAAK,Falecido
1875,a0i6g000006Elf1AAC,Falecido
1876,a0i6g000006ELSBAA4,Falecido
1877,a0i6g000006ELViAAO,Falecido
1878,a0i6g000006Elx8AAC,Falecido
1879,a0i6g000006Em3zAAC,Falecido
1880,a0i6g000006Em4EAAS,Falecido
1881,a0i6g000006EMcBAAW,Falecido
1882,a0i6g000006EMDxAAO,Falecido
1883,a0i6g000006EmhMAAS,Falecido
1884,a0i6g000006EminAAC,Falecido
1885,a0i6g000006EmQ6AAK,Falecido
1886,a0i6g000006EmXyAAK,Falecido
1887,a0i6g000006En3yAAC,Falecido
1888,a0i6g000006En5lAAC,Falecido
1889,a0i6g000006ENe5AAG,Falecido
1890,a0i6g000006ENFhAAO,Falecido
1891,a0i6g000006EnFWAA0,Falecido
1892,a0i6g000006EngjAAC,Falecido
1893,a0i6g000006EnhAAAS,Falecido
1894,a0i6g000006ENlZAAW,Falecido
1895,a0i6g000006EnrPAAS,Falecido
1896,a0i6g000006EnShAAK,Falecido
1897,a0i6g000006ENvUAAW,Falecido
1898,a0i6g000006ENzyAAG,Falecido
1899,a0i6g000006EOBkAAO,Falecido
1900,a0i6g000006EOJ5AAO,Falecido
1901,a0i6g000006EotWAAS,Falecido
1902,a0i6g000006Ep3zAAC,Falecido
1903,a0i6g000006EpBEAA0,Falecido
1904,a0i6g000006EpdCAAS,Falecido
1905,a0i6g000006EpGcAAK,Falecido
1906,a0i6g000006EpIGAA0,Falecido
1907,a0i6g000006EPIXAA4,Falecido
1908,a0i6g000006EPNZAA4,Falecido
1909,a0i6g000006EpsAAAS,Falecido
1910,a0i6g000006EPsgAAG,Falecido
1911,a0i6g000006EpuxAAC,Falecido
1912,a0i6g000006Epx9AAC,Falecido
1913,a0i6g000006Eq73AAC,Falecido
1914,a0i6g000006Eq7hAAC,Falecido
1915,a0i6g000006EQ7LAAW,Falecido
1916,a0i6g000006EQ7qAAG,Falecido
1917,a0i6g000006Eq9XAAS,Falecido
1918,a0i6g000006EqB9AAK,Falecido
1919,a0i6g000006EQhGAAW,Falecido
1920,a0i6g000006EqNDAA0,Falecido
1921,a0i6g000006EqNEAA0,Falecido
1922,a0i6g000006EQoyAAG,Falecido
1923,a0i6g000006EQzSAAW,Falecido
1924,a0i6g000006Er3wAAC,Falecido
1925,a0i6g000006ERe8AAG,Falecido
1926,a0i6g000006ERENAA4,Falecido
1927,a0i6g000006ERI0AAO,Falecido
1928,a0i6g000006ES0MAAW,Falecido
1929,a0i6g000006ES2tAAG,Falecido
1930,a0i6g000006Es4OAAS,Falecido
1931,a0i6g000006ESaiAAG,Falecido
1932,a0i6g000006ESdKAAW,Falecido
1933,a0i6g000006EsE4AAK,Falecido
1934,a0i6g000006ESIMAA4,Falecido
1935,a0i6g000006ESMyAAO,Falecido
1936,a0i6g000006Esq6AAC,Falecido
1937,a0i6g000006EsUiAAK,Falecido
1938,a0i6g000006ET9GAAW,Falecido
1939,a0i6g000006ETjKAAW,Falecido
1940,a0i6g000006EtKBAA0,Falecido
1941,a0i6g000006EtL2AAK,Falecido
1942,a0i6g000006EtSVAA0,Falecido
1943,a0i6g000006ETycAAG,Falecido
1944,a0i6g000006Eu1tAAC,Falecido
1945,a0i6g000006EUaNAAW,Falecido
1946,a0i6g000006EuGzAAK,Falecido
1947,a0i6g000006EuIKAA0,Falecido
1948,a0i6g000006EujIAAS,Falecido
1949,a0i6g000006EuNEAA0,Falecido
1950,a0i6g000006EuoiAAC,Falecido
1951,a0i6g000006EuuuAAC,Falecido
1952,a0i6g000006EuveAAC,Falecido
1953,a0i6g000006EUxhAAG,Falecido
1954,a0i6g000006EUxMAAW,Falecido
1955,a0i6g000006EUxVAAW,Falecido
1956,a0i6g000006EUxxAAG,Falecido
1957,a0i6g000006EUyDAAW,Falecido
1958,a0i6g000006Ev1yAAC,Falecido
1959,a0i6g000006Eva5AAC,Falecido
1960,a0i6g000006EvijAAC,Falecido
1961,a0i6g000006EVkaAAG,Falecido
1962,a0i6g000006EVNpAAO,Falecido
1963,a0i6g000006EVrwAAG,Falecido
1964,a0i6g000006EVTxAAO,Falecido
1965,a0i6g000006EVU1AAO,Falecido
1966,a0i6g000006EvuvAAC,Falecido
1967,a0i6g000006EVveAAG,Falecido
1968,a0i6g000006EVXwAAO,Falecido
1969,a0i6g000006EvypAAC,Falecido
1970,a0i6g000006EW2dAAG,Falecido
1971,a0i6g000006Ewl9AAC,Falecido
1972,a0i6g000006EwobAAC,Falecido
1973,a0i6g000006EWOzAAO,Falecido
1974,a0i6g000006EWQ6AAO,Falecido
1975,a0i6g000006EwSgAAK,Falecido
1976,a0i6g000006EwsIAAS,Falecido
1977,a0i6g000006EWvBAAW,Falecido
1978,a0i6g000006EwZSAA0,Falecido
1979,a0i6g000006Ex3eAAC,Falecido
1980,a0i6g000006EX8kAAG,Falecido
1981,a0i6g000006Ex9oAAC,Falecido
1982,a0i6g000006Ex9rAAC,Falecido
1983,a0i6g000006ExDSAA0,Falecido
1984,a0i6g000006EXlnAAG,Falecido
1985,a0i6g000006EXoGAAW,Falecido
1986,a0i6g000006EXPoAAO,Falecido
1987,a0i6g000006ExRqAAK,Falecido
1988,a0i6g000006ExzvAAC,Falecido
1989,a0i6g000006EY9bAAG,Falecido
1990,a0i6g000006EYsxAAG,Falecido
1991,a0i6g000006EyteAAC,Falecido
1992,a0i6g000006EyU7AAK,Falecido
1993,a0i6g000006EyUNAA0,Falecido
1994,a0i6g000006EYXiAAO,Falecido
1995,a0i6g000006EyYSAA0,Falecido
1996,a0i6g000006Ez0EAAS,Falecido
1997,a0i6g000006Ez2zAAC,Falecido
1998,a0i6g000006EZFFAA4,Falecido
1999,a0i6g000006EzFUAA0,Falecido
2000,a0i6g000006EZKPAA4,Falecido
2001,a0i6g000006EZMDAA4,Falecido
2002,a0i6g000006EzrSAAS,Falecido
2003,a0i6g000006EzWUAA0,Falecido
2004,a0i6g000006EZxfAAG,Falecido
2005,a0i6g000006F0VOAA0,Falecido
2006,a0i6g000006F0VQAA0,Falecido
2007,a0i6g000006F171AAC,Falecido
2008,a0i6g000006F1ofAAC,Falecido
2009,a0i6g000006F29PAAS,Falecido
2010,a0i6g000006F2D6AAK,Falecido
2011,a0i6g000006F3UDAA0,Falecido
2012,a0i6g000006F4YTAA0,Falecido
2013,a0i6g000006F5nbAAC,Falecido
2014,a0i6g000006F5rPAAS,Falecido
2015,a0i6g000006F5v8AAC,Falecido
2016,a0i6g000006F6QPAA0,Falecido
2017,a0i6g000006F74CAAS,Falecido
2018,a0i6g000006F7avAAC,Falecido
2019,a0i6g000006F7vYAAS,Falecido
2020,a0i6g000006F8SlAAK,Falecido
2021,a0i6g000006F8vaAAC,Falecido
2022,a0i6g000006F9xJAAS,Falecido
2023,a0i6g000006F9zIAAS,Falecido
2024,a0i6g000006FAD7AAO,Falecido
2025,a0i6g000006FaOgAAK,Falecido
2026,a0i6g000006FAQLAA4,Falecido
2027,a0i6g000006FAV9AAO,Falecido
2028,a0i6g000006FAymAAG,Falecido
2029,a0i6g000006FB36AAG,Falecido
2030,a0i6g000006FbD1AAK,Falecido
2031,a0i6g000006FbDEAA0,Falecido
2032,a0i6g000006FBEiAAO,Falecido
2033,a0i6g000006FBEOAA4,Falecido
2034,a0i6g000006FBLOAA4,Falecido
2035,a0i6g000006FBLqAAO,Falecido
2036,a0i6g000006FBOzAAO,Falecido
2037,a0i6g000006FbX9AAK,Falecido
2038,a0i6g000006Fc1PAAS,Falecido
2039,a0i6g000006Fc2qAAC,Falecido
2040,a0i6g000006Fck6AAC,Falecido
2041,a0i6g000006FCN4AAO,Falecido
2042,a0i6g000006F201AAC,Falecido
2043,a0i6g000006F21eAAC,Falecido
2044,a0i6g000006F2eOAAS,Falecido
2045,a0i6g000006F2JfAAK,Falecido
2046,a0i6g000006F2pFAAS,Falecido
2047,a0i6g000006F3pAAAS,Falecido
2048,a0i6g000006F4ASAA0,Falecido
2049,a0i6g000006F4B3AAK,Falecido
2050,a0i6g000006F4JfAAK,Falecido
2051,a0i6g000006F61HAAS,Falecido
2052,a0i6g000006F6OjAAK,Falecido
2053,a0i6g000006F74MAAS,Falecido
2054,a0i6g000006F7CvAAK,Falecido
2055,a0i6g000006F7eQAAS,Falecido
2056,a0i6g000006F7giAAC,Falecido
2057,a0i6g000006F7zdAAC,Falecido
2058,a0i6g000006F8vBAAS,Falecido
2059,a0i6g000006F8YgAAK,Falecido
2060,a0i6g000006F9QQAA0,Falecido
2061,a0i6g000006FA1iAAG,Falecido
2062,a0i6g000006Fa2QAAS,Falecido
2063,a0i6g000006FA3KAAW,Falecido
2064,a0i6g000006FA5LAAW,Falecido
2065,a0i6g000006FaDgAAK,Falecido
2066,a0i6g000006FahUAAS,Falecido
2067,a0i6g000006FALgAAO,Falecido
2068,a0i6g000006FALjAAO,Falecido
2069,a0i6g000006FAoLAAW,Falecido
2070,a0i6g000006FB3AAAW,Falecido
2071,a0i6g000006FbcWAAS,Falecido
2072,a0i6g000006FbD5AAK,Falecido
2073,a0i6g000006FBLgAAO,Falecido
2074,a0i6g000006FbOKAA0,Falecido
2075,a0i6g000006FBQPAA4,Falecido
2076,a0i6g000006FbToAAK,Falecido
2077,a0i6g000006FC1KAAW,Falecido
2078,a0i6g000006FCc2AAG,Falecido
2079,a0i6g000006FCf1AAG,Falecido
2080,a0i6g000006FCFUAA4,Falecido
2081,a0i6g000006FclCAAS,Falecido
2082,a0i6g000006FCSFAA4,Falecido
2083,a0i6g000006FDfbAAG,Falecido
2084,a0i6g000006FDoAAAW,Falecido
2085,a0i6g000006FdQNAA0,Falecido
2086,a0i6g000006Fe6lAAC,Falecido
2087,a0i6g000006Fe8RAAS,Falecido
2088,a0i6g000006Fe9dAAC,Falecido
2089,a0i6g000006FebiAAC,Falecido
2090,a0i6g000006FeC2AAK,Falecido
2091,a0i6g000006FeLwAAK,Falecido
2092,a0i6g000006FeNSAA0,Falecido
2093,a0i6g000006FEPXAA4,Falecido
2094,a0i6g000006FF6wAAG,Falecido
2095,a0i6g000006FF7AAAW,Falecido
2096,a0i6g000006FfL3AAK,Falecido
2097,a0i6g000006FFoLAAW,Falecido
2098,a0i6g000006FFZCAA4,Falecido
2099,a0i6g000006FGovAAG,Falecido
2100,a0i6g000006FH4rAAG,Falecido
2101,a0i6g000006FHmxAAG,Falecido
2102,a0i6g000006FhXgAAK,Falecido
2103,a0i6g000006Fia7AAC,Falecido
2104,a0i6g000006FiIJAA0,Falecido
2105,a0i6g000006FiJIAA0,Falecido
2106,a0i6g000006FiSRAA0,Falecido
2107,a0i6g000006FiziAAC,Falecido
2108,a0i6g000006Fj6sAAC,Falecido
2109,a0i6g000006FjKRAA0,Falecido
2110,a0i6g000006FJoVAAW,Falecido
2111,a0i6g000006FjQKAA0,Falecido
2112,a0i6g000006Fk8DAAS,Falecido
2113,a0i6g000006Fk8xAAC,Falecido
2114,a0i6g000006FKajAAG,Falecido
2115,a0i6g000006FkIyAAK,Falecido
2116,a0i6g000006FkJhAAK,Falecido
2117,a0i6g000006FkM7AAK,Falecido
2118,a0i6g000006Fkr9AAC,Falecido
2119,a0i6g000006FkRHAA0,Falecido
2120,a0i6g000006FKS7AAO,Falecido
2121,a0i6g000006FKwbAAG,Falecido
2122,a0i6g000006Fl4fAAC,Falecido
2123,a0i6g000006FlcvAAC,Falecido
2124,a0i6g000006FlmoAAC,Falecido
2125,a0i6g000006FlnuAAC,Falecido
2126,a0i6g000006FlnzAAC,Falecido
2127,a0i6g000006FLRyAAO,Falecido
2128,a0i6g000006FMHNAA4,Falecido
2129,a0i6g000006FMmfAAG,Falecido
2130,a0i6g000006FmOeAAK,Falecido
2131,a0i6g000006FMORAA4,Falecido
2132,a0i6g000006FMvZAAW,Falecido
2133,a0i6g000006Fn20AAC,Falecido
2134,a0i6g000006FN5XAAW,Falecido
2135,a0i6g000006FN7QAAW,Falecido
2136,a0i6g000006FngtAAC,Falecido
2137,a0i6g000006FniEAAS,Falecido
2138,a0i6g000006FnpVAAS,Falecido
2139,a0i6g000006FnrOAAS,Falecido
2140,a0i6g000006FNVQAA4,Falecido
2141,a0i6g000006FnzdAAC,Falecido
2142,a0i6g000006FnzFAAS,Falecido
2143,a0i6g000006FO49AAG,Falecido
2144,a0i6g000006FOawAAG,Falecido
2145,a0i6g000006FOb1AAG,Falecido
2146,a0i6g000006FoIjAAK,Falecido
2147,a0i6g000006FOlLAAW,Falecido
2148,a0i6g000006FoQvAAK,Falecido
2149,a0i6g000006FOQZAA4,Falecido
2150,a0i6g000006FoRaAAK,Falecido
2151,a0i6g000006Fou8AAC,Falecido
2152,a0i6g000006FP9pAAG,Falecido
2153,a0i6g000006FpNZAA0,Falecido
2154,a0i6g000006Fq6EAAS,Falecido
2155,a0i6g000006FQ9bAAG,Falecido
2156,a0i6g000006FqF2AAK,Falecido
2157,a0i6g000006FQheAAG,Falecido
2158,a0i6g000006FqmrAAC,Falecido
2159,a0i6g000006FqQpAAK,Falecido
2160,a0i6g000006FQrBAAW,Falecido
2161,a0i6g000006FR41AAG,Falecido
2162,a0i6g000006FRBRAA4,Falecido
2163,a0i6g000006FrKHAA0,Falecido
2164,a0i6g000006FrNNAA0,Falecido
2165,a0i6g000006Fs1DAAS,Falecido
2166,a0i6g000006Fs94AAC,Falecido
2167,a0i6g000006FsAhAAK,Falecido
2168,a0i6g000006FsAnAAK,Falecido
2169,a0i6g000006Fsf5AAC,Falecido
2170,a0i6g000006FsLbAAK,Falecido
2171,a0i6g000006FSTkAAO,Falecido
2172,a0i6g000006FsunAAC,Falecido
2173,a0i6g000006FswOAAS,Falecido
2174,a0i6g000006Fsy2AAC,Falecido
2175,a0i6g000006Ft3eAAC,Falecido
2176,a0i6g000006Ft6MAAS,Falecido
2177,a0i6g000006Ft72AAC,Falecido
2178,a0i6g000006FtGRAA0,Falecido
2179,a0i6g000006FtLbAAK,Falecido
2180,a0i6g000006FtNbAAK,Falecido
2181,a0i6g000006FtnmAAC,Falecido
2182,a0i6g000006FtQXAA0,Falecido
2183,a0i6g000006FuHOAA0,Falecido
2184,a0i6g000006FUjFAAW,Falecido
2185,a0i6g000006FutFAAS,Falecido
2186,a0i6g000006Fv22AAC,Falecido
2187,a0i6g000006FvEwAAK,Falecido
2188,a0i6g000006FVhMAAW,Falecido
2189,a0i6g000006FVjkAAG,Falecido
2190,a0i6g000006FVM9AAO,Falecido
2191,a0i6g000006FVMLAA4,Falecido
2192,a0i6g000006FVmrAAG,Falecido
2193,a0i6g000006FvN4AAK,Falecido
2194,a0i6g000006Fvu8AAC,Falecido
2195,a0i6g000006FVwCAAW,Falecido
2196,a0i6g000006Fw3hAAC,Falecido
2197,a0i6g000006FWCWAA4,Falecido
2198,a0i6g000006FwHgAAK,Falecido
2199,a0i6g000006Fx2EAAS,Falecido
2200,a0i6g000006FXA4AAO,Falecido
2201,a0i6g000006FXBKAA4,Falecido
2202,a0i6g000006FxkkAAC,Falecido
2203,a0i6g000006Fxl6AAC,Falecido
2204,a0i6g000006FXo9AAG,Falecido
2205,a0i6g000006FxOVAA0,Falecido
2206,a0i6g000006FxpxAAC,Falecido
2207,a0i6g000006FxYTAA0,Falecido
2208,a0i6g000006FYGuAAO,Falecido
2209,a0i6g000006FyItAAK,Falecido
2210,a0i6g000006FYj5AAG,Falecido
2211,a0i6g000006FZdvAAG,Falecido
2212,a0i6g000006F2gNAAS,Falecido
2213,a0i6g000006F2pqAAC,Falecido
2214,a0i6g000006F3A0AAK,Falecido
2215,a0i6g000006F3pxAAC,Falecido
2216,a0i6g000006F3yeAAC,Falecido
2217,a0i6g000006F4JqAAK,Falecido
2218,a0i6g000006F7aaAAC,Falecido
2219,a0i6g000006F7klAAC,Falecido
2220,a0i6g000006F7qIAAS,Falecido
2221,a0i6g000006F8g7AAC,Falecido
2222,a0i6g000006F8LFAA0,Falecido
2223,a0i6g000006F9RzAAK,Falecido
2224,a0i6g000006FA7DAAW,Falecido
2225,a0i6g000006FABtAAO,Falecido
2226,a0i6g000006FaCFAA0,Falecido
2227,a0i6g000006FAe8AAG,Falecido
2228,a0i6g000006FajxAAC,Falecido
2229,a0i6g000006FB6UAAW,Falecido
2230,a0i6g000006FBBUAA4,Falecido
2231,a0i6g000006FBDHAA4,Falecido
2232,a0i6g000006FBIbAAO,Falecido
2233,a0i6g000006FBLWAA4,Falecido
2234,a0i6g000006FBteAAG,Falecido
2235,a0i6g000006FbWmAAK,Falecido
2236,a0i6g000006FCf0AAG,Falecido
2237,a0i6g000006FcjnAAC,Falecido
2238,a0i6g000006FcLXAA0,Falecido
2239,a0i6g000006FcMBAA0,Falecido
2240,a0i6g000006FCNiAAO,Falecido
2241,a0i6g000006FcwKAAS,Falecido
2242,a0i6g000006FdfyAAC,Falecido
2243,a0i6g000006FDPJAA4,Falecido
2244,a0i6g000006FE3fAAG,Falecido
2245,a0i6g000006FE3pAAG,Falecido
2246,a0i6g000006FE4YAAW,Falecido
2247,a0i6g000006FeeXAAS,Falecido
2248,a0i6g000006FEKaAAO,Falecido
2249,a0i6g000006FePiAAK,Falecido
2250,a0i6g000006FesYAAS,Falecido
2251,a0i6g000006FF3qAAG,Falecido
2252,a0i6g000006FF5lAAG,Falecido
2253,a0i6g000006Ff6PAAS,Falecido
2254,a0i6g000006Ff7mAAC,Falecido
2255,a0i6g000006FFapAAG,Falecido
2256,a0i6g000006FfFBAA0,Falecido
2257,a0i6g000006FfhSAAS,Falecido
2258,a0i6g000006FFyuAAG,Falecido
2259,a0i6g000006Fg9lAAC,Falecido
2260,a0i6g000006FGAHAA4,Falecido
2261,a0i6g000006FgiNAAS,Falecido
2262,a0i6g000006FgJnAAK,Falecido
2263,a0i6g000006FGLwAAO,Falecido
2264,a0i6g000006Fh0AAAS,Falecido
2265,a0i6g000006FH40AAG,Falecido
2266,a0i6g000006FH52AAG,Falecido
2267,a0i6g000006FhiMAAS,Falecido
2268,a0i6g000006FhJTAA0,Falecido
2269,a0i6g000006FhKVAA0,Falecido
2270,a0i6g000006FhM4AAK,Falecido
2271,a0i6g000006FhrhAAC,Falecido
2272,a0i6g000006FHSwAAO,Falecido
2273,a0i6g000006FhtFAAS,Falecido
2274,a0i6g000006FhYsAAK,Falecido
2275,a0i6g000006Fi6aAAC,Falecido
2276,a0i6g000006Fi8qAAC,Falecido
2277,a0i6g000006FibTAAS,Falecido
2278,a0i6g000006FiIAAA0,Falecido
2279,a0i6g000006FiPLAA0,Falecido
2280,a0i6g000006FjmQAAS,Falecido
2281,a0i6g000006FjQgAAK,Falecido
2282,a0i6g000006FjXgAAK,Falecido
2283,a0i6g000006FJZHAA4,Falecido
2284,a0i6g000006FK06AAG,Falecido
2285,a0i6g000006FkgCAAS,Falecido
2286,a0i6g000006FkRTAA0,Falecido
2287,a0i6g000006Fkt7AAC,Falecido
2288,a0i6g000006FL4QAAW,Falecido
2289,a0i6g000006Fl7AAAS,Falecido
2290,a0i6g000006FLIeAAO,Falecido
2291,a0i6g000006FLQYAA4,Falecido
2292,a0i6g000006FlRRAA0,Falecido
2293,a0i6g000006FmBGAA0,Falecido
2294,a0i6g000006FMLRAA4,Falecido
2295,a0i6g000006FMw4AAG,Falecido
2296,a0i6g000006FnhHAAS,Falecido
2297,a0i6g000006FNhtAAG,Falecido
2298,a0i6g000006FnonAAC,Falecido
2299,a0i6g000006FNtIAAW,Falecido
2300,a0i6g000006FntNAAS,Falecido
2301,a0i6g000006FnTWAA0,Falecido
2302,a0i6g000006Fo4sAAC,Falecido
2303,a0i6g000006FO4YAAW,Falecido
2304,a0i6g000006FO7HAAW,Falecido
2305,a0i6g000006FObIAAW,Falecido
2306,a0i6g000006FoLtAAK,Falecido
2307,a0i6g000006FoRlAAK,Falecido
2308,a0i6g000006FP7DAAW,Falecido
2309,a0i6g000006FPujAAG,Falecido
2310,a0i6g000006FqgFAAS,Falecido
2311,a0i6g000006Fqx6AAC,Falecido
2312,a0i6g000006FraFAAS,Falecido
2313,a0i6g000006FRbzAAG,Falecido
2314,a0i6g000006FrIBAA0,Falecido
2315,a0i6g000006FRQ8AAO,Falecido
2316,a0i6g000006FRYdAAO,Falecido
2317,a0i6g000006FRZ9AAO,Falecido
2318,a0i6g000006FRZOAA4,Falecido
2319,a0i6g000006FS3GAAW,Falecido
2320,a0i6g000006FSDAAA4,Falecido
2321,a0i6g000006FspGAAS,Falecido
2322,a0i6g000006FsszAAC,Falecido
2323,a0i6g000006Ft4nAAC,Falecido
2324,a0i6g000006Ft6eAAC,Falecido
2325,a0i6g000006Ft94AAC,Falecido
2326,a0i6g000006FtbcAAC,Falecido
2327,a0i6g000006FtcaAAC,Falecido
2328,a0i6g000006FtciAAC,Falecido
2329,a0i6g000006FtILAA0,Falecido
2330,a0i6g000006FtKdAAK,Falecido
2331,a0i6g000006FtQNAA0,Falecido
2332,a0i6g000006FTRuAAO,Falecido
2333,a0i6g000006FtVWAA0,Falecido
2334,a0i6g000006FtZAAA0,Falecido
2335,a0i6g000006FUrPAAW,Falecido
2336,a0i6g000006FUwQAAW,Falecido
2337,a0i6g000006Fv2qAAC,Falecido
2338,a0i6g000006FVATAA4,Falecido
2339,a0i6g000006FvcBAAS,Falecido
2340,a0i6g000006FvE1AAK,Falecido
2341,a0i6g000006FVGmAAO,Falecido
2342,a0i6g000006FVLJAA4,Falecido
2343,a0i6g000006FvM9AAK,Falecido
2344,a0i6g000006FVrtAAG,Falecido
2345,a0i6g000006FVSWAA4,Falecido
2346,a0i6g000006FVTFAA4,Falecido
2347,a0i6g000006FwncAAC,Falecido
2348,a0i6g000006FwT7AAK,Falecido
2349,a0i6g000006FwTKAA0,Falecido
2350,a0i6g000006FwweAAC,Falecido
2351,a0i6g000006FwxBAAS,Falecido
2352,a0i6g000006FWxGAAW,Falecido
2353,a0i6g000006FWz4AAG,Falecido
2354,a0i6g000006Fx0hAAC,Falecido
2355,a0i6g000006FX6iAAG,Falecido
2356,a0i6g000006FxhlAAC,Falecido
2357,a0i6g000006FxJ6AAK,Falecido
2358,a0i6g000006FXtkAAG,Falecido
2359,a0i6g000006FXu6AAG,Falecido
2360,a0i6g000006FxYiAAK,Falecido
2361,a0i6g000006Fy6SAAS,Falecido
2362,a0i6g000006Fyi3AAC,Falecido
2363,a0i6g000006FYjzAAG,Falecido
2364,a0i6g000006FYKBAA4,Falecido
2365,a0i6g000006Fyr5AAC,Falecido
2366,a0i6g000006FYsqAAG,Falecido
2367,a0i6g000006FZCFAA4,Falecido
2368,a0i6g000006FZDbAAO,Falecido
2369,a0i6g000006FzdgAAC,Falecido
2370,a0i6g000006FZdnAAG,Falecido
2371,a0i6g000006FZHZAA4,Falecido
2372,a0i6g000006FzOTAA0,Falecido
2373,a0i6g000006FZsHAAW,Falecido
2374,a0i6g000006FzUhAAK,Falecido
2375,a0i6g000006FZyMAAW,Falecido
2376,a0i6g000006FZynAAG,Falecido
2377,a0i6g000006G0gLAAS,Falecido
2378,a0i6g000006G0n1AAC,Falecido
2379,a0i6g000006G1VEAA0,Falecido
2380,a0i6g000006G235AAC,Falecido
2381,a0i6g000006G2uaAAC,Falecido
2382,a0i6g000006FBHwAAO,Falecido
2383,a0i6g000006FbinAAC,Falecido
2384,a0i6g000006FbLHAA0,Falecido
2385,a0i6g000006FBqIAAW,Falecido
2386,a0i6g000006FbQNAA0,Falecido
2387,a0i6g000006FbQRAA0,Falecido
2388,a0i6g000006FbVjAAK,Falecido
2389,a0i6g000006FCaJAAW,Falecido
2390,a0i6g000006FcFsAAK,Falecido
2391,a0i6g000006FCqpAAG,Falecido
2392,a0i6g000006Fd4fAAC,Falecido
2393,a0i6g000006FduWAAS,Falecido
2394,a0i6g000006FdXfAAK,Falecido
2395,a0i6g000006FdxPAAS,Falecido
2396,a0i6g000006FE33AAG,Falecido
2397,a0i6g000006FE5uAAG,Falecido
2398,a0i6g000006Fe7CAAS,Falecido
2399,a0i6g000006FeeHAAS,Falecido
2400,a0i6g000006FeIJAA0,Falecido
2401,a0i6g000006FeKrAAK,Falecido
2402,a0i6g000006FeZ2AAK,Falecido
2403,a0i6g000006Ff4pAAC,Falecido
2404,a0i6g000006FF51AAG,Falecido
2405,a0i6g000006FFEgAAO,Falecido
2406,a0i6g000006FFEKAA4,Falecido
2407,a0i6g000006FfG0AAK,Falecido
2408,a0i6g000006FfWqAAK,Falecido
2409,a0i6g000006FGmlAAG,Falecido
2410,a0i6g000006FGtvAAG,Falecido
2411,a0i6g000006FGW0AAO,Falecido
2412,a0i6g000006FGyoAAG,Falecido
2413,a0i6g000006FgZhAAK,Falecido
2414,a0i6g000006Fh3vAAC,Falecido
2415,a0i6g000006Fh5fAAC,Falecido
2416,a0i6g000006FHajAAG,Falecido
2417,a0i6g000006FHCkAAO,Falecido
2418,a0i6g000006FHCPAA4,Falecido
2419,a0i6g000006FhMnAAK,Falecido
2420,a0i6g000006Fhr2AAC,Falecido
2421,a0i6g000006FhWSAA0,Falecido
2422,a0i6g000006FIe6AAG,Falecido
2423,a0i6g000006FIfkAAG,Falecido
2424,a0i6g000006FIr7AAG,Falecido
2425,a0i6g000006FiueAAC,Falecido
2426,a0i6g000006FIVAAA4,Falecido
2427,a0i6g000006FjgTAAS,Falecido
2428,a0i6g000006FJnTAAW,Falecido
2429,a0i6g000006FjOxAAK,Falecido
2430,a0i6g000006FjQHAA0,Falecido
2431,a0i6g000006FjvEAAS,Falecido
2432,a0i6g000006FjVLAA0,Falecido
2433,a0i6g000006FK4wAAG,Falecido
2434,a0i6g000006Fk9CAAS,Falecido
2435,a0i6g000006FkgTAAS,Falecido
2436,a0i6g000006FKHYAA4,Falecido
2437,a0i6g000006FkssAAC,Falecido
2438,a0i6g000006FkT6AAK,Falecido
2439,a0i6g000006FlfyAAC,Falecido
2440,a0i6g000006FLG4AAO,Falecido
2441,a0i6g000006FlncAAC,Falecido
2442,a0i6g000006FLOlAAO,Falecido
2443,a0i6g000006FlX5AAK,Falecido
2444,a0i6g000006FMlLAAW,Falecido
2445,a0i6g000006FmSVAA0,Falecido
2446,a0i6g000006FmszAAC,Falecido
2447,a0i6g000006FnjoAAC,Falecido
2448,a0i6g000006FnLqAAK,Falecido
2449,a0i6g000006FNLTAA4,Falecido
2450,a0i6g000006FnrXAAS,Falecido
2451,a0i6g000006Fns6AAC,Falecido
2452,a0i6g000006FNsyAAG,Falecido
2453,a0i6g000006FNt9AAG,Falecido
2454,a0i6g000006FO9DAAW,Falecido
2455,a0i6g000006FODTAA4,Falecido
2456,a0i6g000006FoEvAAK,Falecido
2457,a0i6g000006FoewAAC,Falecido
2458,a0i6g000006FoRyAAK,Falecido
2459,a0i6g000006FOxDAAW,Falecido
2460,a0i6g000006FOZ0AAO,Falecido
2461,a0i6g000006FPdTAAW,Falecido
2462,a0i6g000006FPdVAAW,Falecido
2463,a0i6g000006FpIPAA0,Falecido
2464,a0i6g000006FPMOAA4,Falecido
2465,a0i6g000006FPu0AAG,Falecido
2466,a0i6g000006FPwRAAW,Falecido
2467,a0i6g000006FpwsAAC,Falecido
2468,a0i6g000006Fq34AAC,Falecido
2469,a0i6g000006FQ8IAAW,Falecido
2470,a0i6g000006FQAHAA4,Falecido
2471,a0i6g000006FqcJAAS,Falecido
2472,a0i6g000006FqehAAC,Falecido
2473,a0i6g000006FqfiAAC,Falecido
2474,a0i6g000006FqfyAAC,Falecido
2475,a0i6g000006FQQNAA4,Falecido
2476,a0i6g000006FqXOAA0,Falecido
2477,a0i6g000006FR2zAAG,Falecido
2478,a0i6g000006Frc0AAC,Falecido
2479,a0i6g000006FrDEAA0,Falecido
2480,a0i6g000006FrDiAAK,Falecido
2481,a0i6g000006FrdQAAS,Falecido
2482,a0i6g000006FRFXAA4,Falecido
2483,a0i6g000006Frq4AAC,Falecido
2484,a0i6g000006FRQKAA4,Falecido
2485,a0i6g000006FrwvAAC,Falecido
2486,a0i6g000006FsAOAA0,Falecido
2487,a0i6g000006FsAWAA0,Falecido
2488,a0i6g000006FsIWAA0,Falecido
2489,a0i6g000006FsWbAAK,Falecido
2490,a0i6g000006FswwAAC,Falecido
2491,a0i6g000006Ft1aAAC,Falecido
2492,a0i6g000006Ft6SAAS,Falecido
2493,a0i6g000006FtDRAA0,Falecido
2494,a0i6g000006FtjKAAS,Falecido
2495,a0i6g000006FtkgAAC,Falecido
2496,a0i6g000006FtMJAA0,Falecido
2497,a0i6g000006FtXLAA0,Falecido
2498,a0i6g000006FueEAAS,Falecido
2499,a0i6g000006FUwKAAW,Falecido
2500,a0i6g000006Fv2WAAS,Falecido
2501,a0i6g000006Fv4uAAC,Falecido